1/01/19;ANTIOQUIA;37
1/01/19;ANTIOQUIA;62
1/01/19;ANTIOQUIA;24
1/01/19;ANTIOQUIA;34
1/01/19;ANTIOQUIA;33
1/01/19;ANTIOQUIA;37
1/01/19;ANTIOQUIA;37
1/01/19;ANTIOQUIA;22
1/01/19;ANTIOQUIA;20
1/01/19;ANTIOQUIA;37
1/01/19;ANTIOQUIA;18
1/01/19;ANTIOQUIA;30
1/01/19;ANTIOQUIA;30
1/01/19;ANTIOQUIA;20
1/01/19;ANTIOQUIA;17
1/01/19;ATLÁNTICO;33
1/01/19;ATLÁNTICO;29
1/01/19;ATLÁNTICO;18
1/01/19;ATLÁNTICO;28
1/01/19;BOLÍVAR;28
1/01/19;BOLÍVAR;56
1/01/19;BOLÍVAR;18
1/01/19;BOLÍVAR;24
1/01/19;CAQUETÁ;48
1/01/19;CAQUETÁ;29
1/01/19;CAUCA;45
1/01/19;CAUCA;76
1/01/19;CAUCA;40
1/01/19;CAUCA;32
1/01/19;CÓRDOBA;21
1/01/19;CUNDINAMARCA;42
1/01/19;CUNDINAMARCA;44
1/01/19;CUNDINAMARCA;38
1/01/19;CUNDINAMARCA;28
1/01/19;CUNDINAMARCA;25
1/01/19;CUNDINAMARCA;28
1/01/19;CUNDINAMARCA;16
1/01/19;CUNDINAMARCA;21
1/01/19;GUAJIRA;27
1/01/19;HUILA;46
1/01/19;HUILA;53
1/01/19;HUILA;21
1/01/19;HUILA;21
1/01/19;HUILA;29
1/01/19;HUILA;18
1/01/19;HUILA;23
1/01/19;HUILA;66
1/01/19;MAGDALENA;31
1/01/19;MAGDALENA;23
1/01/19;META;28
1/01/19;META;16
1/01/19;NARIÑO;29
1/01/19;NARIÑO;38
1/01/19;NARIÑO;39
1/01/19;NARIÑO;21
1/01/19;NARIÑO;42
1/01/19;NARIÑO;50
1/01/19;NORTE DE SANTANDER;27
1/01/19;NORTE DE SANTANDER;28
1/01/19;NORTE DE SANTANDER;26
1/01/19;PUTUMAYO;35
1/01/19;QUINDÍO;19
1/01/19;QUINDÍO;22
1/01/19;RISARALDA;38
1/01/19;SAN ANDRÉS;35
1/01/19;SANTANDER;39
1/01/19;SANTANDER;20
1/01/19;SUCRE;29
1/01/19;SUCRE;33
1/01/19;TOLIMA;24
1/01/19;TOLIMA;37
1/01/19;TOLIMA;62
1/01/19;TOLIMA;21
1/01/19;TOLIMA;20
1/01/19;VALLE;35
1/01/19;VALLE;24
1/01/19;VALLE;21
1/01/19;VALLE;21
1/01/19;VALLE;34
1/01/19;VALLE;22
1/01/19;VALLE;16
1/01/19;VALLE;31
1/01/19;VALLE;21
1/01/19;VALLE;24
1/01/19;VALLE;20
1/01/19;VALLE;51
1/01/19;VALLE;35
1/01/19;VALLE;20
1/01/19;VALLE;30
1/01/19;VALLE;15
1/01/19;VALLE;19
1/01/19;VALLE;26
2/01/19;ANTIOQUIA;18
2/01/19;ANTIOQUIA;26
2/01/19;ARAUCA;44
2/01/19;BOLÍVAR;33
2/01/19;BOLÍVAR;50
2/01/19;CALDAS;22
2/01/19;CALDAS;32
2/01/19;CAUCA;16
2/01/19;CAUCA;27
2/01/19;CÓRDOBA;17
2/01/19;CUNDINAMARCA;48
2/01/19;CUNDINAMARCA;18
2/01/19;MAGDALENA;28
2/01/19;NORTE DE SANTANDER;23
2/01/19;PUTUMAYO;48
2/01/19;VALLE;29
2/01/19;VALLE;50
2/01/19;VALLE;64
2/01/19;VALLE;17
3/01/19;ANTIOQUIA;33
3/01/19;ANTIOQUIA;23
3/01/19;ANTIOQUIA;20
3/01/19;BOLÍVAR;32
3/01/19;BOLÍVAR;20
3/01/19;CAUCA;16
3/01/19;CAUCA;25
3/01/19;CÓRDOBA;70
3/01/19;CUNDINAMARCA;23
3/01/19;NARIÑO;57
3/01/19;NARIÑO;33
3/01/19;PUTUMAYO;25
3/01/19;QUINDÍO;16
3/01/19;RISARALDA;26
3/01/19;RISARALDA;55
3/01/19;SUCRE;30
3/01/19;VALLE;25
3/01/19;VALLE;43
3/01/19;VALLE;50
4/01/19;ANTIOQUIA;25
4/01/19;ANTIOQUIA;18
4/01/19;ANTIOQUIA;36
4/01/19;ANTIOQUIA;42
4/01/19;ANTIOQUIA;58
4/01/19;BOLÍVAR;23
4/01/19;BOLÍVAR;26
4/01/19;CAUCA;33
4/01/19;CAUCA;50
4/01/19;CÓRDOBA;35
4/01/19;CÓRDOBA;34
4/01/19;CUNDINAMARCA;27
4/01/19;CUNDINAMARCA;28
4/01/19;CUNDINAMARCA;40
4/01/19;CUNDINAMARCA;34
4/01/19;NARIÑO;17
4/01/19;NARIÑO;21
4/01/19;NORTE DE SANTANDER;31
4/01/19;NORTE DE SANTANDER;35
4/01/19;NORTE DE SANTANDER;78
4/01/19;QUINDÍO;35
4/01/19;RISARALDA;47
4/01/19;RISARALDA;60
4/01/19;VALLE;25
4/01/19;VALLE;22
4/01/19;VALLE;43
5/01/19;ANTIOQUIA;34
5/01/19;ANTIOQUIA;37
5/01/19;ANTIOQUIA;27
5/01/19;ANTIOQUIA;27
5/01/19;ANTIOQUIA;36
5/01/19;ANTIOQUIA;38
5/01/19;ARAUCA;27
5/01/19;ATLÁNTICO;25
5/01/19;ATLÁNTICO;38
5/01/19;BOLÍVAR;24
5/01/19;CÓRDOBA;23
5/01/19;CÓRDOBA;45
5/01/19;CUNDINAMARCA;76
5/01/19;CUNDINAMARCA;36
5/01/19;CUNDINAMARCA;20
5/01/19;CUNDINAMARCA;29
5/01/19;MAGDALENA;60
5/01/19;META;43
5/01/19;PUTUMAYO;22
5/01/19;QUINDÍO;18
5/01/19;RISARALDA;35
5/01/19;TOLIMA;53
5/01/19;VALLE;32
5/01/19;VALLE;38
5/01/19;VALLE;27
5/01/19;VALLE;30
5/01/19;VALLE;19
5/01/19;VALLE;25
5/01/19;VALLE;45
5/01/19;VALLE;21
5/01/19;VALLE;26
6/01/19;ANTIOQUIA;19
6/01/19;ANTIOQUIA;33
6/01/19;ANTIOQUIA;33
6/01/19;ANTIOQUIA;36
6/01/19;ANTIOQUIA;23
6/01/19;ANTIOQUIA;33
6/01/19;ANTIOQUIA;27
6/01/19;ANTIOQUIA;27
6/01/19;BOLÍVAR;20
6/01/19;CALDAS;32
6/01/19;CALDAS;30
6/01/19;CALDAS;53
6/01/19;CAQUETÁ;22
6/01/19;CAUCA;20
6/01/19;CAUCA;37
6/01/19;CESAR;57
6/01/19;CÓRDOBA;24
6/01/19;CÓRDOBA;40
6/01/19;CUNDINAMARCA;35
6/01/19;CUNDINAMARCA;27
6/01/19;CUNDINAMARCA;26
6/01/19;CUNDINAMARCA;30
6/01/19;CUNDINAMARCA;27
6/01/19;CUNDINAMARCA;30
6/01/19;CUNDINAMARCA;34
6/01/19;META;32
6/01/19;NARIÑO;43
6/01/19;NARIÑO;30
6/01/19;NARIÑO;32
6/01/19;NORTE DE SANTANDER;22
6/01/19;NORTE DE SANTANDER;21
6/01/19;PUTUMAYO;44
6/01/19;SANTANDER;32
6/01/19;TOLIMA;54
6/01/19;TOLIMA;20
6/01/19;VALLE;30
6/01/19;VALLE;31
6/01/19;VALLE;17
6/01/19;VALLE;53
7/01/19;ANTIOQUIA;29
7/01/19;ANTIOQUIA;39
7/01/19;ANTIOQUIA;37
7/01/19;ANTIOQUIA;40
7/01/19;ATLÁNTICO;39
7/01/19;CAQUETÁ;22
7/01/19;CAQUETÁ;32
7/01/19;CASANARE;34
7/01/19;CAUCA;34
7/01/19;CAUCA;39
7/01/19;CAUCA;39
7/01/19;CAUCA;33
7/01/19;CAUCA;15
7/01/19;CESAR;23
7/01/19;CESAR;33
7/01/19;CHOCÓ;44
7/01/19;GUAJIRA;28
7/01/19;GUAJIRA;49
7/01/19;HUILA;28
7/01/19;HUILA;46
7/01/19;NARIÑO;40
7/01/19;NORTE DE SANTANDER;31
7/01/19;NORTE DE SANTANDER;38
7/01/19;QUINDÍO;19
7/01/19;QUINDÍO;24
7/01/19;RISARALDA;35
7/01/19;TOLIMA;36
7/01/19;TOLIMA;21
7/01/19;VALLE;22
7/01/19;VALLE;48
7/01/19;VALLE;22
7/01/19;VALLE;22
8/01/19;ANTIOQUIA;22
8/01/19;ANTIOQUIA;15
8/01/19;ANTIOQUIA;56
8/01/19;ANTIOQUIA;28
8/01/19;ANTIOQUIA;24
8/01/19;ANTIOQUIA;43
8/01/19;ATLÁNTICO;58
8/01/19;ATLÁNTICO;25
8/01/19;CAUCA;53
8/01/19;CAUCA;24
8/01/19;CAUCA;36
8/01/19;CHOCÓ;23
8/01/19;CÓRDOBA;28
8/01/19;CÓRDOBA;56
8/01/19;CÓRDOBA;34
8/01/19;CUNDINAMARCA;28
8/01/19;CUNDINAMARCA;34
8/01/19;GUAJIRA;28
8/01/19;META;26
8/01/19;NORTE DE SANTANDER;24
8/01/19;NORTE DE SANTANDER;23
8/01/19;TOLIMA;46
8/01/19;VALLE;17
8/01/19;VALLE;30
9/01/19;ANTIOQUIA;80
9/01/19;ANTIOQUIA;35
9/01/19;ANTIOQUIA;29
9/01/19;ANTIOQUIA;21
9/01/19;ANTIOQUIA;23
9/01/19;ANTIOQUIA;33
9/01/19;ANTIOQUIA;24
9/01/19;ANTIOQUIA;58
9/01/19;ANTIOQUIA;49
9/01/19;ANTIOQUIA;28
9/01/19;ANTIOQUIA;34
9/01/19;ATLÁNTICO;24
9/01/19;CALDAS;25
9/01/19;CALDAS;44
9/01/19;CASANARE;26
9/01/19;CASANARE;29
9/01/19;CAUCA;28
9/01/19;CUNDINAMARCA;56
9/01/19;CUNDINAMARCA;64
9/01/19;GUAVIARE;35
9/01/19;META;38
9/01/19;NORTE DE SANTANDER;42
9/01/19;NORTE DE SANTANDER;35
9/01/19;QUINDÍO;20
9/01/19;SANTANDER;30
9/01/19;SANTANDER;36
9/01/19;SANTANDER;41
9/01/19;TOLIMA;33
9/01/19;TOLIMA;24
9/01/19;VALLE;19
9/01/19;VALLE;24
9/01/19;VALLE;26
9/01/19;VALLE;22
9/01/19;VALLE;31
10/01/19;ANTIOQUIA;37
10/01/19;ANTIOQUIA;20
10/01/19;ANTIOQUIA;22
10/01/19;ANTIOQUIA;18
10/01/19;ANTIOQUIA;24
10/01/19;ANTIOQUIA;30
10/01/19;ANTIOQUIA;30
10/01/19;ANTIOQUIA;22
10/01/19;ANTIOQUIA;17
10/01/19;ANTIOQUIA;34
10/01/19;ANTIOQUIA;16
10/01/19;ANTIOQUIA;18
10/01/19;ANTIOQUIA;19
10/01/19;BOYACÁ;40
10/01/19;BOYACÁ;36
10/01/19;CAUCA;44
10/01/19;CÓRDOBA;23
10/01/19;CUNDINAMARCA;37
10/01/19;CUNDINAMARCA;25
10/01/19;GUAJIRA;31
10/01/19;META;31
10/01/19;NARIÑO;24
10/01/19;NORTE DE SANTANDER;33
10/01/19;NORTE DE SANTANDER;25
10/01/19;NORTE DE SANTANDER;22
10/01/19;PUTUMAYO;36
10/01/19;RISARALDA;36
10/01/19;SANTANDER;21
10/01/19;SANTANDER;60
10/01/19;SANTANDER;17
10/01/19;SUCRE;32
10/01/19;SUCRE;42
10/01/19;TOLIMA;39
10/01/19;VALLE;32
10/01/19;VALLE;47
10/01/19;VALLE;50
10/01/19;VALLE;16
10/01/19;VALLE;34
10/01/19;VALLE;38
11/01/19;ANTIOQUIA;30
11/01/19;ANTIOQUIA;58
11/01/19;ANTIOQUIA;21
11/01/19;ANTIOQUIA;21
11/01/19;ANTIOQUIA;20
11/01/19;ANTIOQUIA;28
11/01/19;ANTIOQUIA;32
11/01/19;ANTIOQUIA;43
11/01/19;ANTIOQUIA;30
11/01/19;ANTIOQUIA;33
11/01/19;ANTIOQUIA;20
11/01/19;BOLÍVAR;24
11/01/19;CAQUETÁ;36
11/01/19;CAQUETÁ;48
11/01/19;CAQUETÁ;31
11/01/19;CAUCA;43
11/01/19;CÓRDOBA;29
11/01/19;CÓRDOBA;26
11/01/19;CUNDINAMARCA;42
11/01/19;HUILA;59
11/01/19;MAGDALENA;30
11/01/19;NORTE DE SANTANDER;56
11/01/19;NORTE DE SANTANDER;24
11/01/19;NORTE DE SANTANDER;30
11/01/19;NORTE DE SANTANDER;35
11/01/19;SUCRE;31
11/01/19;TOLIMA;25
11/01/19;VALLE;23
11/01/19;VALLE;83
11/01/19;VALLE;20
11/01/19;VALLE;20
11/01/19;VALLE;35
11/01/19;VALLE;22
11/01/19;VALLE;28
11/01/19;VALLE;39
11/01/19;VALLE;41
12/01/19;ANTIOQUIA;32
12/01/19;ANTIOQUIA;26
12/01/19;ANTIOQUIA;39
12/01/19;ANTIOQUIA;31
12/01/19;ANTIOQUIA;28
12/01/19;ANTIOQUIA;30
12/01/19;ANTIOQUIA;29
12/01/19;ATLÁNTICO;19
12/01/19;ATLÁNTICO;43
12/01/19;CALDAS;29
12/01/19;CAUCA;41
12/01/19;CAUCA;21
12/01/19;CHOCÓ;18
12/01/19;CÓRDOBA;32
12/01/19;CÓRDOBA;60
12/01/19;CÓRDOBA;18
12/01/19;CUNDINAMARCA;39
12/01/19;CUNDINAMARCA;21
12/01/19;CUNDINAMARCA;17
12/01/19;CUNDINAMARCA;29
12/01/19;CUNDINAMARCA;49
12/01/19;MAGDALENA;23
12/01/19;QUINDÍO;55
12/01/19;SANTANDER;44
12/01/19;SUCRE;41
12/01/19;TOLIMA;35
12/01/19;TOLIMA;74
12/01/19;VALLE;30
12/01/19;VALLE;24
12/01/19;VALLE;30
12/01/19;VALLE;20
12/01/19;VALLE;43
12/01/19;VALLE;27
12/01/19;VALLE;29
12/01/19;VALLE;75
12/01/19;VALLE;31
1/02/19;ANTIOQUIA;16
1/02/19;ANTIOQUIA;21
1/02/19;ANTIOQUIA;22
1/02/19;ANTIOQUIA;25
1/02/19;ANTIOQUIA;36
1/02/19;BOYACÁ;30
1/02/19;CAUCA;37
1/02/19;CAUCA;29
1/02/19;CUNDINAMARCA;30
1/02/19;CUNDINAMARCA;18
1/02/19;CUNDINAMARCA;45
1/02/19;NARIÑO;24
1/02/19;NORTE DE SANTANDER;33
1/02/19;NORTE DE SANTANDER;30
1/02/19;QUINDÍO;54
1/02/19;SANTANDER;25
1/02/19;SANTANDER;27
1/02/19;SANTANDER;29
1/02/19;VALLE;26
1/02/19;VALLE;38
1/02/19;VALLE;25
1/02/19;VALLE;19
1/02/19;VALLE;30
1/02/19;VALLE;21
2/02/19;ANTIOQUIA;36
2/02/19;ANTIOQUIA;47
2/02/19;ANTIOQUIA;18
2/02/19;ANTIOQUIA;23
2/02/19;ANTIOQUIA;31
2/02/19;ANTIOQUIA;48
2/02/19;ANTIOQUIA;18
2/02/19;ANTIOQUIA;53
2/02/19;ATLÁNTICO;29
2/02/19;ATLÁNTICO;41
2/02/19;ATLÁNTICO;43
2/02/19;ATLÁNTICO;62
2/02/19;ATLÁNTICO;29
2/02/19;ATLÁNTICO;53
2/02/19;CALDAS;30
2/02/19;CAUCA;24
2/02/19;CAUCA;31
2/02/19;CAUCA;14
2/02/19;CHOCÓ;39
2/02/19;CUNDINAMARCA;22
2/02/19;CUNDINAMARCA;34
2/02/19;CUNDINAMARCA;17
2/02/19;CUNDINAMARCA;26
2/02/19;MAGDALENA;44
2/02/19;NARIÑO;43
2/02/19;NARIÑO;30
2/02/19;NORTE DE SANTANDER;25
2/02/19;RISARALDA;19
2/02/19;SANTANDER;19
2/02/19;SUCRE;18
2/02/19;VALLE;50
2/02/19;VALLE;17
2/02/19;VALLE;18
2/02/19;VALLE;43
3/02/19;AMAZONAS;38
3/02/19;ANTIOQUIA;36
3/02/19;ANTIOQUIA;29
3/02/19;ANTIOQUIA;55
3/02/19;ANTIOQUIA;47
3/02/19;ANTIOQUIA;33
3/02/19;ANTIOQUIA;21
3/02/19;ARAUCA;31
3/02/19;ATLÁNTICO;22
3/02/19;ATLÁNTICO;14
3/02/19;ATLÁNTICO;29
3/02/19;ATLÁNTICO;22
3/02/19;BOLÍVAR;30
3/02/19;BOLÍVAR;23
3/02/19;BOLÍVAR;44
3/02/19;BOLÍVAR;27
3/02/19;CALDAS;23
3/02/19;CASANARE;22
3/02/19;CAUCA;31
3/02/19;CAUCA;23
3/02/19;CAUCA;29
3/02/19;CAUCA;23
3/02/19;CHOCÓ;16
3/02/19;CUNDINAMARCA;36
3/02/19;CUNDINAMARCA;31
3/02/19;CUNDINAMARCA;32
3/02/19;CUNDINAMARCA;31
3/02/19;CUNDINAMARCA;26
3/02/19;CUNDINAMARCA;41
3/02/19;GUAJIRA;33
3/02/19;HUILA;52
3/02/19;MAGDALENA;35
3/02/19;NARIÑO;40
3/02/19;NORTE DE SANTANDER;29
3/02/19;NORTE DE SANTANDER;45
3/02/19;SANTANDER;55
3/02/19;TOLIMA;28
3/02/19;VALLE;31
3/02/19;VALLE;25
3/02/19;VALLE;29
3/02/19;VALLE;23
3/02/19;VALLE;17
3/02/19;VALLE;29
3/02/19;VALLE;42
3/02/19;VALLE;25
3/02/19;VALLE;27
3/02/19;VALLE;33
3/02/19;VALLE;18
3/02/19;VALLE;28
3/02/19;VALLE;14
3/02/19;VALLE;25
3/02/19;VALLE;29
4/02/19;ANTIOQUIA;35
4/02/19;ANTIOQUIA;39
4/02/19;ANTIOQUIA;32
4/02/19;ANTIOQUIA;36
4/02/19;ANTIOQUIA;37
4/02/19;ANTIOQUIA;31
4/02/19;ANTIOQUIA;40
4/02/19;ANTIOQUIA;23
4/02/19;ANTIOQUIA;45
4/02/19;ANTIOQUIA;17
4/02/19;ATLÁNTICO;29
4/02/19;ATLÁNTICO;32
4/02/19;ATLÁNTICO;33
4/02/19;ATLÁNTICO;35
4/02/19;ATLÁNTICO;30
4/02/19;CAUCA;21
4/02/19;CAUCA;26
4/02/19;CAUCA;32
4/02/19;CÓRDOBA;27
4/02/19;CUNDINAMARCA;22
4/02/19;CUNDINAMARCA;32
4/02/19;HUILA;40
4/02/19;MAGDALENA;24
4/02/19;META;28
4/02/19;NARIÑO;29
4/02/19;NARIÑO;36
4/02/19;PUTUMAYO;35
4/02/19;PUTUMAYO;32
4/02/19;PUTUMAYO;38
4/02/19;SUCRE;40
4/02/19;VALLE;31
4/02/19;VALLE;36
4/02/19;VALLE;45
4/02/19;VALLE;24
4/02/19;VALLE;39
4/02/19;VALLE;26
4/02/19;VALLE;39
4/02/19;VALLE;31
4/02/19;VALLE;21
5/02/19;ANTIOQUIA;46
5/02/19;ANTIOQUIA;58
5/02/19;ANTIOQUIA;36
5/02/19;ANTIOQUIA;32
5/02/19;ATLÁNTICO;19
5/02/19;BOLÍVAR;44
5/02/19;BOLÍVAR;43
5/02/19;CAUCA;21
5/02/19;CAUCA;25
5/02/19;CAUCA;28
5/02/19;CAUCA;26
5/02/19;CHOCÓ;44
5/02/19;CÓRDOBA;45
5/02/19;CUNDINAMARCA;22
5/02/19;CUNDINAMARCA;55
5/02/19;MAGDALENA;18
5/02/19;META;43
5/02/19;PUTUMAYO;22
5/02/19;RISARALDA;27
5/02/19;RISARALDA;25
5/02/19;VALLE;28
5/02/19;VALLE;19
5/02/19;VALLE;40
5/02/19;VALLE;35
5/02/19;VALLE;17
6/02/19;ANTIOQUIA;58
6/02/19;ANTIOQUIA;32
6/02/19;ANTIOQUIA;27
6/02/19;ANTIOQUIA;30
6/02/19;ANTIOQUIA;56
6/02/19;ATLÁNTICO;27
6/02/19;CAQUETÁ;52
6/02/19;CAQUETÁ;31
6/02/19;CAUCA;49
6/02/19;CAUCA;21
6/02/19;CÓRDOBA;39
6/02/19;CÓRDOBA;32
6/02/19;CUNDINAMARCA;29
6/02/19;META;25
6/02/19;NARIÑO;41
6/02/19;NORTE DE SANTANDER;29
6/02/19;RISARALDA;27
6/02/19;RISARALDA;24
6/02/19;RISARALDA;25
6/02/19;TOLIMA;34
6/02/19;TOLIMA;10
6/02/19;TOLIMA;16
6/02/19;TOLIMA;31
6/02/19;VALLE;39
6/02/19;VALLE;51
6/02/19;VALLE;33
7/02/19;ANTIOQUIA;29
7/02/19;ANTIOQUIA;27
7/02/19;ANTIOQUIA;29
7/02/19;ANTIOQUIA;19
7/02/19;ANTIOQUIA;25
7/02/19;ANTIOQUIA;17
7/02/19;ATLÁNTICO;33
7/02/19;CESAR;15
7/02/19;CÓRDOBA;52
7/02/19;CÓRDOBA;33
7/02/19;CUNDINAMARCA;43
7/02/19;META;34
7/02/19;NORTE DE SANTANDER;37
7/02/19;NORTE DE SANTANDER;67
7/02/19;NORTE DE SANTANDER;32
7/02/19;SANTANDER;14
7/02/19;VALLE;40
7/02/19;VALLE;31
7/02/19;VALLE;40
7/02/19;VALLE;22
7/02/19;VICHADA;41
8/02/19;ANTIOQUIA;38
8/02/19;ANTIOQUIA;56
8/02/19;ANTIOQUIA;31
8/02/19;ANTIOQUIA;39
8/02/19;CAUCA;23
8/02/19;CAUCA;19
8/02/19;CAUCA;23
8/02/19;CAUCA;23
8/02/19;CESAR;43
8/02/19;CÓRDOBA;18
8/02/19;CUNDINAMARCA;57
8/02/19;GUAINÍA;31
8/02/19;META;38
8/02/19;NORTE DE SANTANDER;34
8/02/19;QUINDÍO;36
8/02/19;QUINDÍO;17
8/02/19;SANTANDER;32
8/02/19;TOLIMA;64
8/02/19;TOLIMA;78
8/02/19;TOLIMA;41
8/02/19;TOLIMA;33
8/02/19;VALLE;35
8/02/19;VALLE;28
9/02/19;ANTIOQUIA;25
9/02/19;ANTIOQUIA;32
9/02/19;ANTIOQUIA;24
9/02/19;ANTIOQUIA;14
9/02/19;ANTIOQUIA;22
9/02/19;ANTIOQUIA;30
9/02/19;ANTIOQUIA;37
9/02/19;ARAUCA;29
9/02/19;BOLÍVAR;37
9/02/19;CAQUETÁ;37
9/02/19;CAQUETÁ;38
9/02/19;CHOCÓ;50
9/02/19;CÓRDOBA;27
9/02/19;CUNDINAMARCA;57
9/02/19;CUNDINAMARCA;31
9/02/19;CUNDINAMARCA;41
9/02/19;HUILA;32
9/02/19;HUILA;29
9/02/19;MAGDALENA;29
9/02/19;NARIÑO;21
9/02/19;NORTE DE SANTANDER;21
9/02/19;PUTUMAYO;36
9/02/19;PUTUMAYO;41
9/02/19;QUINDÍO;36
9/02/19;VALLE;41
9/02/19;VALLE;24
9/02/19;VALLE;27
9/02/19;VALLE;38
9/02/19;VALLE;38
9/02/19;VALLE;20
9/02/19;VALLE;17
9/02/19;VALLE;18
9/02/19;VALLE;24
9/02/19;VALLE;37
10/02/19;ANTIOQUIA;38
10/02/19;ANTIOQUIA;38
10/02/19;ANTIOQUIA;44
10/02/19;ANTIOQUIA;14
10/02/19;ANTIOQUIA;35
10/02/19;ANTIOQUIA;33
10/02/19;ANTIOQUIA;53
10/02/19;ANTIOQUIA;31
10/02/19;ANTIOQUIA;53
10/02/19;ANTIOQUIA;26
10/02/19;ANTIOQUIA;23
10/02/19;ATLÁNTICO;48
10/02/19;ATLÁNTICO;25
10/02/19;BOLÍVAR;27
10/02/19;CAUCA;20
10/02/19;CHOCÓ;33
10/02/19;CÓRDOBA;20
10/02/19;CÓRDOBA;37
10/02/19;CUNDINAMARCA;62
10/02/19;CUNDINAMARCA;24
10/02/19;CUNDINAMARCA;38
10/02/19;HUILA;19
10/02/19;HUILA;23
10/02/19;MAGDALENA;18
10/02/19;MAGDALENA;18
10/02/19;META;42
10/02/19;NARIÑO;29
10/02/19;NORTE DE SANTANDER;44
10/02/19;NORTE DE SANTANDER;38
10/02/19;PUTUMAYO;33
10/02/19;QUINDÍO;26
10/02/19;QUINDÍO;27
10/02/19;QUINDÍO;52
10/02/19;RISARALDA;34
10/02/19;SUCRE;24
10/02/19;TOLIMA;53
10/02/19;VALLE;22
10/02/19;VALLE;42
10/02/19;VALLE;30
10/02/19;VALLE;34
10/02/19;VALLE;54
10/02/19;VALLE;35
10/02/19;VALLE;45
10/02/19;VALLE;33
11/02/19;ANTIOQUIA;36
11/02/19;ANTIOQUIA;36
11/02/19;ANTIOQUIA;24
11/02/19;ANTIOQUIA;52
11/02/19;ANTIOQUIA;35
11/02/19;ANTIOQUIA;30
11/02/19;ANTIOQUIA;32
11/02/19;ANTIOQUIA;36
11/02/19;ANTIOQUIA;39
11/02/19;ANTIOQUIA;31
11/02/19;ANTIOQUIA;23
11/02/19;BOLÍVAR;23
11/02/19;BOLÍVAR;25
11/02/19;BOLÍVAR;32
11/02/19;CAUCA;26
11/02/19;CAUCA;56
11/02/19;CUNDINAMARCA;24
11/02/19;CUNDINAMARCA;39
11/02/19;CUNDINAMARCA;56
11/02/19;GUAJIRA;42
11/02/19;MAGDALENA;16
11/02/19;MAGDALENA;41
11/02/19;MAGDALENA;38
11/02/19;NARIÑO;23
11/02/19;NORTE DE SANTANDER;31
11/02/19;NORTE DE SANTANDER;69
11/02/19;NORTE DE SANTANDER;39
11/02/19;QUINDÍO;32
11/02/19;RISARALDA;25
11/02/19;SUCRE;29
11/02/19;VALLE;31
11/02/19;VALLE;21
11/02/19;VALLE;35
11/02/19;VALLE;20
11/02/19;VALLE;31
11/02/19;VALLE;24
11/02/19;VALLE;51
11/02/19;VALLE;59
12/02/19;ANTIOQUIA;34
12/02/19;ANTIOQUIA;32
12/02/19;ANTIOQUIA;26
12/02/19;ANTIOQUIA;35
12/02/19;ANTIOQUIA;24
12/02/19;ANTIOQUIA;61
12/02/19;ANTIOQUIA;37
12/02/19;ANTIOQUIA;31
12/02/19;ATLÁNTICO;21
12/02/19;ATLÁNTICO;20
12/02/19;ATLÁNTICO;68
12/02/19;ATLÁNTICO;39
12/02/19;ATLÁNTICO;23
12/02/19;BOLÍVAR;20
12/02/19;CAUCA;20
12/02/19;CAUCA;34
12/02/19;CÓRDOBA;33
12/02/19;GUAVIARE;55
12/02/19;HUILA;46
12/02/19;MAGDALENA;48
12/02/19;NARIÑO;51
12/02/19;NORTE DE SANTANDER;36
12/02/19;NORTE DE SANTANDER;44
12/02/19;QUINDÍO;35
12/02/19;RISARALDA;27
12/02/19;RISARALDA;29
12/02/19;VALLE;29
12/02/19;VALLE;73
12/02/19;VALLE;25
12/02/19;VALLE;26
12/02/19;VALLE;56
12/02/19;VALLE;29
12/02/19;VALLE;22
12/02/19;VALLE;28
12/02/19;VALLE;19
1/03/19;ANTIOQUIA;34
1/03/19;ANTIOQUIA;27
1/03/19;ARAUCA;28
1/03/19;ATLÁNTICO;33
1/03/19;ATLÁNTICO;46
1/03/19;CESAR;17
1/03/19;CHOCÓ;18
1/03/19;CÓRDOBA;24
1/03/19;CÓRDOBA;45
1/03/19;CÓRDOBA;18
1/03/19;CÓRDOBA;48
1/03/19;CÓRDOBA;26
1/03/19;CUNDINAMARCA;27
1/03/19;CUNDINAMARCA;55
1/03/19;CUNDINAMARCA;32
1/03/19;CUNDINAMARCA;24
1/03/19;META;34
1/03/19;NARIÑO;18
1/03/19;NARIÑO;26
1/03/19;NARIÑO;26
1/03/19;NARIÑO;21
1/03/19;PUTUMAYO;46
1/03/19;QUINDÍO;29
1/03/19;SANTANDER;37
1/03/19;SUCRE;29
1/03/19;VALLE;22
1/03/19;VALLE;17
1/03/19;VALLE;16
1/03/19;VALLE;29
1/03/19;VALLE;51
2/03/19;ANTIOQUIA;48
2/03/19;ANTIOQUIA;51
2/03/19;ANTIOQUIA;22
2/03/19;ANTIOQUIA;20
2/03/19;ANTIOQUIA;21
2/03/19;ATLÁNTICO;25
2/03/19;ATLÁNTICO;66
2/03/19;ATLÁNTICO;33
2/03/19;ATLÁNTICO;29
2/03/19;ATLÁNTICO;42
2/03/19;ATLÁNTICO;30
2/03/19;CALDAS;30
2/03/19;CALDAS;56
2/03/19;CASANARE;49
2/03/19;CAUCA;57
2/03/19;CAUCA;20
2/03/19;CAUCA;53
2/03/19;CÓRDOBA;33
2/03/19;CUNDINAMARCA;21
2/03/19;CUNDINAMARCA;23
2/03/19;CUNDINAMARCA;38
2/03/19;META;49
2/03/19;TOLIMA;79
2/03/19;TOLIMA;24
2/03/19;VALLE;41
2/03/19;VALLE;24
2/03/19;VALLE;35
2/03/19;VALLE;34
2/03/19;VALLE;38
2/03/19;VALLE;29
2/03/19;VALLE;23
2/03/19;VALLE;27
3/03/19;ANTIOQUIA;24
3/03/19;ANTIOQUIA;22
3/03/19;ANTIOQUIA;29
3/03/19;ANTIOQUIA;28
3/03/19;ANTIOQUIA;49
3/03/19;ANTIOQUIA;23
3/03/19;ARAUCA;36
3/03/19;ATLÁNTICO;32
3/03/19;ATLÁNTICO;16
3/03/19;ATLÁNTICO;33
3/03/19;BOLÍVAR;24
3/03/19;BOLÍVAR;18
3/03/19;BOLÍVAR;27
3/03/19;CAQUETÁ;22
3/03/19;CAUCA;25
3/03/19;CESAR;39
3/03/19;CESAR;21
3/03/19;CESAR;18
3/03/19;CHOCÓ;32
3/03/19;CHOCÓ;32
3/03/19;CHOCÓ;33
3/03/19;CHOCÓ;29
3/03/19;CÓRDOBA;26
3/03/19;CÓRDOBA;33
3/03/19;CÓRDOBA;29
3/03/19;CÓRDOBA;58
3/03/19;CUNDINAMARCA;28
3/03/19;CUNDINAMARCA;30
3/03/19;CUNDINAMARCA;24
3/03/19;CUNDINAMARCA;32
3/03/19;CUNDINAMARCA;28
3/03/19;GUAJIRA;20
3/03/19;HUILA;58
3/03/19;HUILA;48
3/03/19;HUILA;47
3/03/19;MAGDALENA;34
3/03/19;MAGDALENA;36
3/03/19;MAGDALENA;20
3/03/19;NARIÑO;33
3/03/19;NORTE DE SANTANDER;37
3/03/19;NORTE DE SANTANDER;46
3/03/19;RISARALDA;28
3/03/19;SANTANDER;33
3/03/19;SUCRE;36
3/03/19;TOLIMA;44
3/03/19;TOLIMA;19
3/03/19;VALLE;47
3/03/19;VALLE;21
3/03/19;VALLE;25
3/03/19;VALLE;20
3/03/19;VALLE;40
3/03/19;VALLE;20
3/03/19;VALLE;19
3/03/19;VALLE;19
3/03/19;VALLE;40
3/03/19;VALLE;25
3/03/19;VALLE;33
3/03/19;VALLE;21
3/03/19;VALLE;29
3/03/19;VALLE;65
3/03/19;VALLE;30
3/03/19;VALLE;20
3/03/19;VALLE;45
4/03/19;AMAZONAS;38
4/03/19;ANTIOQUIA;41
4/03/19;ANTIOQUIA;36
4/03/19;ANTIOQUIA;57
4/03/19;ANTIOQUIA;68
4/03/19;ANTIOQUIA;54
4/03/19;ANTIOQUIA;80
4/03/19;ANTIOQUIA;46
4/03/19;ARAUCA;51
4/03/19;ATLÁNTICO;21
4/03/19;ATLÁNTICO;16
4/03/19;BOLÍVAR;27
4/03/19;BOLÍVAR;27
4/03/19;BOLÍVAR;30
4/03/19;BOLÍVAR;24
4/03/19;BOYACÁ;70
4/03/19;CALDAS;63
4/03/19;CALDAS;37
4/03/19;CAQUETÁ;33
4/03/19;CASANARE;18
4/03/19;CAUCA;28
4/03/19;CAUCA;16
4/03/19;CAUCA;24
4/03/19;CAUCA;39
4/03/19;CAUCA;39
4/03/19;CHOCÓ;33
4/03/19;CHOCÓ;29
4/03/19;CHOCÓ;39
4/03/19;CÓRDOBA;34
4/03/19;CÓRDOBA;48
4/03/19;CÓRDOBA;20
4/03/19;CUNDINAMARCA;25
4/03/19;HUILA;45
4/03/19;MAGDALENA;44
4/03/19;MAGDALENA;27
4/03/19;NARIÑO;26
4/03/19;NARIÑO;20
4/03/19;NARIÑO;43
4/03/19;NARIÑO;37
4/03/19;NORTE DE SANTANDER;34
4/03/19;SUCRE;28
4/03/19;VALLE;21
4/03/19;VALLE;26
4/03/19;VALLE;24
4/03/19;VALLE;16
4/03/19;VALLE;30
4/03/19;VALLE;21
4/03/19;VALLE;71
4/03/19;VALLE;24
4/03/19;VALLE;14
5/03/19;ANTIOQUIA;50
5/03/19;ANTIOQUIA;20
5/03/19;ARAUCA;24
5/03/19;ARAUCA;48
5/03/19;ATLÁNTICO;0
5/03/19;ATLÁNTICO;30
5/03/19;ATLÁNTICO;20
5/03/19;BOLÍVAR;14
5/03/19;BOLÍVAR;25
5/03/19;CAQUETÁ;23
5/03/19;CESAR;27
5/03/19;CÓRDOBA;48
5/03/19;CUNDINAMARCA;34
5/03/19;CUNDINAMARCA;49
5/03/19;CUNDINAMARCA;55
5/03/19;CUNDINAMARCA;65
5/03/19;CUNDINAMARCA;56
5/03/19;CUNDINAMARCA;29
5/03/19;GUAJIRA;18
5/03/19;GUAJIRA;65
5/03/19;GUAJIRA;29
5/03/19;GUAJIRA;47
5/03/19;MAGDALENA;21
5/03/19;NORTE DE SANTANDER;20
5/03/19;RISARALDA;15
5/03/19;RISARALDA;19
5/03/19;SANTANDER;27
5/03/19;SUCRE;25
5/03/19;SUCRE;38
5/03/19;TOLIMA;53
5/03/19;VALLE;30
5/03/19;VALLE;34
5/03/19;VALLE;51
5/03/19;VALLE;26
5/03/19;VALLE;40
5/03/19;VALLE;50
5/03/19;VALLE;30
5/03/19;VALLE;28
5/03/19;VICHADA;54
6/03/19;ANTIOQUIA;52
6/03/19;ANTIOQUIA;35
6/03/19;ANTIOQUIA;23
6/03/19;ANTIOQUIA;24
6/03/19;ANTIOQUIA;18
6/03/19;ANTIOQUIA;17
6/03/19;ANTIOQUIA;34
6/03/19;ANTIOQUIA;25
6/03/19;ANTIOQUIA;69
6/03/19;ANTIOQUIA;16
6/03/19;ANTIOQUIA;25
6/03/19;BOYACÁ;41
6/03/19;CESAR;30
6/03/19;CÓRDOBA;29
6/03/19;CÓRDOBA;21
6/03/19;CUNDINAMARCA;49
6/03/19;CUNDINAMARCA;45
6/03/19;CUNDINAMARCA;20
6/03/19;HUILA;65
6/03/19;META;16
6/03/19;NARIÑO;25
6/03/19;NORTE DE SANTANDER;27
6/03/19;NORTE DE SANTANDER;34
6/03/19;NORTE DE SANTANDER;33
6/03/19;RISARALDA;39
6/03/19;RISARALDA;25
6/03/19;SUCRE;31
6/03/19;TOLIMA;46
6/03/19;TOLIMA;34
6/03/19;TOLIMA;47
6/03/19;VALLE;21
6/03/19;VALLE;31
7/03/19;ANTIOQUIA;15
7/03/19;ANTIOQUIA;22
7/03/19;ANTIOQUIA;25
7/03/19;ANTIOQUIA;67
7/03/19;ARAUCA;35
7/03/19;ARAUCA;24
7/03/19;ATLÁNTICO;25
7/03/19;CAUCA;22
7/03/19;CHOCÓ;54
7/03/19;CÓRDOBA;16
7/03/19;CÓRDOBA;40
7/03/19;CÓRDOBA;29
7/03/19;CÓRDOBA;49
7/03/19;CÓRDOBA;79
7/03/19;CUNDINAMARCA;17
7/03/19;CUNDINAMARCA;27
7/03/19;CUNDINAMARCA;35
7/03/19;GUAJIRA;19
7/03/19;NARIÑO;49
7/03/19;NORTE DE SANTANDER;21
7/03/19;RISARALDA;16
7/03/19;SUCRE;38
7/03/19;VALLE;30
7/03/19;VALLE;27
7/03/19;VALLE;28
7/03/19;VALLE;18
7/03/19;VALLE;34
7/03/19;VALLE;32
7/03/19;VALLE;18
8/03/19;ANTIOQUIA;13
8/03/19;ANTIOQUIA;37
8/03/19;ANTIOQUIA;26
8/03/19;ARAUCA;38
8/03/19;ATLÁNTICO;33
8/03/19;CALDAS;25
8/03/19;CALDAS;18
8/03/19;CAUCA;38
8/03/19;CAUCA;61
8/03/19;CAUCA;28
8/03/19;CÓRDOBA;27
8/03/19;CÓRDOBA;39
8/03/19;CUNDINAMARCA;27
8/03/19;CUNDINAMARCA;26
8/03/19;CUNDINAMARCA;36
8/03/19;CUNDINAMARCA;65
8/03/19;CUNDINAMARCA;47
8/03/19;CUNDINAMARCA;58
8/03/19;CUNDINAMARCA;47
8/03/19;GUAJIRA;33
8/03/19;MAGDALENA;23
8/03/19;META;25
8/03/19;NARIÑO;13
8/03/19;NARIÑO;18
8/03/19;PUTUMAYO;24
8/03/19;TOLIMA;37
8/03/19;TOLIMA;27
8/03/19;VALLE;16
8/03/19;VALLE;49
8/03/19;VALLE;19
8/03/19;VALLE;22
8/03/19;VALLE;32
8/03/19;VALLE;33
9/03/19;ANTIOQUIA;23
9/03/19;ANTIOQUIA;22
9/03/19;ANTIOQUIA;45
9/03/19;ANTIOQUIA;29
9/03/19;ATLÁNTICO;17
9/03/19;CAQUETÁ;46
9/03/19;CASANARE;37
9/03/19;CAUCA;28
9/03/19;CAUCA;19
9/03/19;CAUCA;24
9/03/19;CAUCA;22
9/03/19;CAUCA;56
9/03/19;CAUCA;17
9/03/19;CÓRDOBA;55
9/03/19;CUNDINAMARCA;34
9/03/19;CUNDINAMARCA;15
9/03/19;CUNDINAMARCA;37
9/03/19;CUNDINAMARCA;32
9/03/19;HUILA;32
9/03/19;NARIÑO;25
9/03/19;NARIÑO;80
9/03/19;NARIÑO;28
9/03/19;NORTE DE SANTANDER;17
9/03/19;NORTE DE SANTANDER;27
9/03/19;NORTE DE SANTANDER;28
9/03/19;NORTE DE SANTANDER;33
9/03/19;PUTUMAYO;33
9/03/19;QUINDÍO;19
9/03/19;QUINDÍO;51
9/03/19;TOLIMA;66
9/03/19;VALLE;23
9/03/19;VALLE;20
9/03/19;VALLE;29
9/03/19;VALLE;23
9/03/19;VALLE;65
9/03/19;VALLE;39
9/03/19;VALLE;14
9/03/19;VALLE;29
9/03/19;VALLE;58
9/03/19;VALLE;40
9/03/19;VALLE;30
9/03/19;VALLE;21
9/03/19;VALLE;51
9/03/19;VALLE;25
9/03/19;VICHADA;39
10/03/19;ANTIOQUIA;27
10/03/19;ANTIOQUIA;25
10/03/19;ANTIOQUIA;73
10/03/19;ANTIOQUIA;44
10/03/19;ANTIOQUIA;21
10/03/19;ANTIOQUIA;30
10/03/19;ANTIOQUIA;20
10/03/19;ANTIOQUIA;49
10/03/19;BOLÍVAR;63
10/03/19;BOLÍVAR;36
10/03/19;CAUCA;27
10/03/19;CAUCA;26
10/03/19;CAUCA;32
10/03/19;CAUCA;28
10/03/19;CAUCA;18
10/03/19;CAUCA;24
10/03/19;CESAR;48
10/03/19;CESAR;24
10/03/19;CHOCÓ;44
10/03/19;CHOCÓ;13
10/03/19;CÓRDOBA;35
10/03/19;CUNDINAMARCA;38
10/03/19;CUNDINAMARCA;38
10/03/19;CUNDINAMARCA;20
10/03/19;CUNDINAMARCA;21
10/03/19;CUNDINAMARCA;38
10/03/19;HUILA;46
10/03/19;MAGDALENA;58
10/03/19;META;41
10/03/19;NARIÑO;43
10/03/19;NARIÑO;44
10/03/19;NORTE DE SANTANDER;28
10/03/19;SUCRE;23
10/03/19;TOLIMA;31
10/03/19;TOLIMA;30
10/03/19;TOLIMA;40
10/03/19;VALLE;31
10/03/19;VALLE;25
10/03/19;VALLE;17
10/03/19;VALLE;27
10/03/19;VALLE;44
10/03/19;VALLE;17
10/03/19;VALLE;29
10/03/19;VALLE;29
10/03/19;VALLE;23
10/03/19;VALLE;19
10/03/19;VALLE;36
10/03/19;VALLE;31
10/03/19;VALLE;52
10/03/19;VALLE;30
10/03/19;VALLE;44
11/03/19;ANTIOQUIA;30
11/03/19;ANTIOQUIA;25
11/03/19;ANTIOQUIA;22
11/03/19;ANTIOQUIA;18
11/03/19;ANTIOQUIA;19
11/03/19;ATLÁNTICO;33
11/03/19;CAUCA;33
11/03/19;CAUCA;33
11/03/19;CESAR;65
11/03/19;CÓRDOBA;18
11/03/19;CÓRDOBA;22
11/03/19;CÓRDOBA;30
11/03/19;CUNDINAMARCA;32
11/03/19;CUNDINAMARCA;74
11/03/19;HUILA;16
11/03/19;META;47
11/03/19;NARIÑO;39
11/03/19;NARIÑO;24
11/03/19;NORTE DE SANTANDER;24
11/03/19;NORTE DE SANTANDER;51
11/03/19;QUINDÍO;22
11/03/19;QUINDÍO;24
11/03/19;SANTANDER;49
11/03/19;SANTANDER;24
11/03/19;TOLIMA;29
11/03/19;VALLE;27
11/03/19;VALLE;27
11/03/19;VALLE;20
11/03/19;VALLE;32
11/03/19;VALLE;29
11/03/19;VALLE;31
11/03/19;VALLE;52
11/03/19;VALLE;56
11/03/19;VALLE;72
11/03/19;VALLE;27
12/03/19;ANTIOQUIA;45
12/03/19;ANTIOQUIA;2
12/03/19;ANTIOQUIA;22
12/03/19;ARAUCA;31
12/03/19;ATLÁNTICO;28
12/03/19;CALDAS;59
12/03/19;CESAR;19
12/03/19;CUNDINAMARCA;23
12/03/19;GUAJIRA;38
12/03/19;GUAJIRA;22
12/03/19;HUILA;38
12/03/19;META;23
12/03/19;META;27
12/03/19;NARIÑO;23
12/03/19;QUINDÍO;22
12/03/19;SANTANDER;39
12/03/19;SANTANDER;32
12/03/19;TOLIMA;38
12/03/19;VALLE;44
12/03/19;VALLE;23
12/03/19;VALLE;73
12/03/19;VALLE;37
12/03/19;VALLE;30
12/03/19;VICHADA;47
1/04/19;ANTIOQUIA;34
1/04/19;ANTIOQUIA;37
1/04/19;ANTIOQUIA;22
1/04/19;ANTIOQUIA;25
1/04/19;ANTIOQUIA;26
1/04/19;ANTIOQUIA;78
1/04/19;ANTIOQUIA;19
1/04/19;ANTIOQUIA;23
1/04/19;ANTIOQUIA;50
1/04/19;ANTIOQUIA;40
1/04/19;ANTIOQUIA;19
1/04/19;ATLÁNTICO;15
1/04/19;ATLÁNTICO;20
1/04/19;ATLÁNTICO;32
1/04/19;BOLÍVAR;33
1/04/19;CALDAS;49
1/04/19;CAUCA;39
1/04/19;CAUCA;28
1/04/19;CAUCA;30
1/04/19;CAUCA;38
1/04/19;CESAR;21
1/04/19;CUNDINAMARCA;24
1/04/19;CUNDINAMARCA;57
1/04/19;CUNDINAMARCA;32
1/04/19;CUNDINAMARCA;21
1/04/19;NARIÑO;17
1/04/19;NARIÑO;42
1/04/19;NORTE DE SANTANDER;28
1/04/19;RISARALDA;24
1/04/19;SANTANDER;20
1/04/19;SANTANDER;31
1/04/19;VALLE;31
1/04/19;VALLE;36
2/04/19;ANTIOQUIA;22
2/04/19;ANTIOQUIA;34
2/04/19;ANTIOQUIA;24
2/04/19;ANTIOQUIA;42
2/04/19;ATLÁNTICO;1
2/04/19;ATLÁNTICO;19
2/04/19;ATLÁNTICO;48
2/04/19;ATLÁNTICO;22
2/04/19;ATLÁNTICO;25
2/04/19;ATLÁNTICO;31
2/04/19;CALDAS;59
2/04/19;CAUCA;50
2/04/19;CAUCA;20
2/04/19;CÓRDOBA;30
2/04/19;CUNDINAMARCA;41
2/04/19;CUNDINAMARCA;42
2/04/19;CUNDINAMARCA;22
2/04/19;CUNDINAMARCA;16
2/04/19;HUILA;29
2/04/19;MAGDALENA;24
2/04/19;NARIÑO;26
2/04/19;NORTE DE SANTANDER;39
2/04/19;NORTE DE SANTANDER;54
2/04/19;RISARALDA;35
2/04/19;RISARALDA;34
2/04/19;VALLE;15
2/04/19;VALLE;26
2/04/19;VALLE;40
2/04/19;VALLE;37
2/04/19;VALLE;56
3/04/19;ANTIOQUIA;23
3/04/19;ANTIOQUIA;17
3/04/19;ANTIOQUIA;30
3/04/19;ANTIOQUIA;44
3/04/19;ANTIOQUIA;28
3/04/19;ANTIOQUIA;21
3/04/19;ANTIOQUIA;48
3/04/19;ARAUCA;34
3/04/19;ATLÁNTICO;32
3/04/19;BOYACÁ;23
3/04/19;BOYACÁ;42
3/04/19;CALDAS;25
3/04/19;CAQUETÁ;51
3/04/19;CUNDINAMARCA;33
3/04/19;CUNDINAMARCA;52
3/04/19;CUNDINAMARCA;21
3/04/19;NARIÑO;31
3/04/19;NORTE DE SANTANDER;28
3/04/19;RISARALDA;32
3/04/19;RISARALDA;18
3/04/19;SANTANDER;28
3/04/19;VALLE;38
3/04/19;VALLE;34
3/04/19;VALLE;22
4/04/19;ANTIOQUIA;61
4/04/19;ANTIOQUIA;39
4/04/19;ANTIOQUIA;22
4/04/19;ANTIOQUIA;29
4/04/19;ANTIOQUIA;26
4/04/19;ANTIOQUIA;62
4/04/19;BOLÍVAR;66
4/04/19;BOLÍVAR;31
4/04/19;CAUCA;20
4/04/19;CESAR;45
4/04/19;CÓRDOBA;21
4/04/19;CUNDINAMARCA;72
4/04/19;NARIÑO;46
4/04/19;NARIÑO;20
4/04/19;NORTE DE SANTANDER;34
4/04/19;QUINDÍO;30
4/04/19;SANTANDER;17
4/04/19;VALLE;23
4/04/19;VALLE;62
5/04/19;ANTIOQUIA;29
5/04/19;ANTIOQUIA;18
5/04/19;ANTIOQUIA;26
5/04/19;ANTIOQUIA;39
5/04/19;ANTIOQUIA;21
5/04/19;ANTIOQUIA;23
5/04/19;ANTIOQUIA;19
5/04/19;ANTIOQUIA;19
5/04/19;BOYACÁ;30
5/04/19;CALDAS;38
5/04/19;CAQUETÁ;23
5/04/19;CESAR;65
5/04/19;CÓRDOBA;30
5/04/19;CÓRDOBA;50
5/04/19;CÓRDOBA;33
5/04/19;GUAVIARE;5
5/04/19;GUAVIARE;22
5/04/19;HUILA;20
5/04/19;MAGDALENA;48
5/04/19;MAGDALENA;36
5/04/19;META;16
5/04/19;META;28
5/04/19;NARIÑO;27
5/04/19;NARIÑO;32
5/04/19;NORTE DE SANTANDER;19
5/04/19;PUTUMAYO;34
5/04/19;RISARALDA;47
5/04/19;VALLE;25
5/04/19;VALLE;15
5/04/19;VALLE;38
5/04/19;VALLE;49
5/04/19;VALLE;41
5/04/19;VALLE;19
5/04/19;VALLE;30
6/04/19;ANTIOQUIA;31
6/04/19;ANTIOQUIA;29
6/04/19;ANTIOQUIA;14
6/04/19;ANTIOQUIA;17
6/04/19;ANTIOQUIA;19
6/04/19;ANTIOQUIA;30
6/04/19;ATLÁNTICO;19
6/04/19;BOLÍVAR;24
6/04/19;CAQUETÁ;38
6/04/19;CAQUETÁ;30
6/04/19;CAUCA;21
6/04/19;CÓRDOBA;17
6/04/19;CUNDINAMARCA;66
6/04/19;CUNDINAMARCA;29
6/04/19;CUNDINAMARCA;37
6/04/19;CUNDINAMARCA;38
6/04/19;CUNDINAMARCA;29
6/04/19;CUNDINAMARCA;27
6/04/19;CUNDINAMARCA;24
6/04/19;CUNDINAMARCA;28
6/04/19;CUNDINAMARCA;50
6/04/19;GUAJIRA;20
6/04/19;GUAJIRA;25
6/04/19;GUAJIRA;40
6/04/19;HUILA;25
6/04/19;MAGDALENA;29
6/04/19;MAGDALENA;37
6/04/19;META;49
6/04/19;META;73
6/04/19;NARIÑO;41
6/04/19;NORTE DE SANTANDER;23
6/04/19;NORTE DE SANTANDER;20
6/04/19;PUTUMAYO;24
6/04/19;QUINDÍO;30
6/04/19;QUINDÍO;30
6/04/19;QUINDÍO;19
6/04/19;SAN ANDRÉS;25
6/04/19;SANTANDER;3
6/04/19;VALLE;39
6/04/19;VALLE;41
6/04/19;VALLE;21
6/04/19;VALLE;54
6/04/19;VALLE;29
6/04/19;VALLE;19
6/04/19;VICHADA;46
7/04/19;ANTIOQUIA;39
7/04/19;ANTIOQUIA;30
7/04/19;ANTIOQUIA;51
7/04/19;ANTIOQUIA;32
7/04/19;ANTIOQUIA;17
7/04/19;ANTIOQUIA;55
7/04/19;ANTIOQUIA;54
7/04/19;ANTIOQUIA;19
7/04/19;ANTIOQUIA;53
7/04/19;ANTIOQUIA;17
7/04/19;ANTIOQUIA;17
7/04/19;ANTIOQUIA;28
7/04/19;ARAUCA;34
7/04/19;ATLÁNTICO;33
7/04/19;BOLÍVAR;27
7/04/19;BOLÍVAR;30
7/04/19;BOLÍVAR;30
7/04/19;CALDAS;50
7/04/19;CAQUETÁ;27
7/04/19;CAQUETÁ;33
7/04/19;CASANARE;35
7/04/19;CAUCA;28
7/04/19;CAUCA;40
7/04/19;CAUCA;25
7/04/19;CAUCA;18
7/04/19;CAUCA;39
7/04/19;CAUCA;39
7/04/19;CAUCA;32
7/04/19;CESAR;31
7/04/19;CESAR;24
7/04/19;CESAR;26
7/04/19;CHOCÓ;33
7/04/19;CUNDINAMARCA;46
7/04/19;CUNDINAMARCA;24
7/04/19;CUNDINAMARCA;21
7/04/19;CUNDINAMARCA;37
7/04/19;HUILA;29
7/04/19;HUILA;26
7/04/19;HUILA;25
7/04/19;META;23
7/04/19;NARIÑO;42
7/04/19;NARIÑO;24
7/04/19;NARIÑO;49
7/04/19;NORTE DE SANTANDER;39
7/04/19;NORTE DE SANTANDER;46
7/04/19;QUINDÍO;28
7/04/19;RISARALDA;27
7/04/19;SANTANDER;16
7/04/19;SANTANDER;60
7/04/19;SANTANDER;64
7/04/19;SANTANDER;29
7/04/19;SANTANDER;38
7/04/19;SUCRE;16
7/04/19;SUCRE;25
7/04/19;TOLIMA;23
7/04/19;TOLIMA;23
7/04/19;VALLE;45
7/04/19;VALLE;28
7/04/19;VALLE;25
7/04/19;VALLE;51
7/04/19;VALLE;40
7/04/19;VALLE;42
8/04/19;ANTIOQUIA;23
8/04/19;ANTIOQUIA;30
8/04/19;ANTIOQUIA;24
8/04/19;ANTIOQUIA;37
8/04/19;ATLÁNTICO;33
8/04/19;BOLÍVAR;22
8/04/19;CAUCA;23
8/04/19;CESAR;29
8/04/19;CÓRDOBA;22
8/04/19;CÓRDOBA;27
8/04/19;CÓRDOBA;40
8/04/19;CUNDINAMARCA;19
8/04/19;CUNDINAMARCA;19
8/04/19;CUNDINAMARCA;5
8/04/19;CUNDINAMARCA;33
8/04/19;GUAJIRA;27
8/04/19;GUAJIRA;54
8/04/19;HUILA;27
8/04/19;HUILA;35
8/04/19;NARIÑO;27
8/04/19;NORTE DE SANTANDER;37
8/04/19;NORTE DE SANTANDER;61
8/04/19;NORTE DE SANTANDER;20
8/04/19;RISARALDA;69
8/04/19;VALLE;24
8/04/19;VALLE;32
8/04/19;VALLE;30
8/04/19;VALLE;19
9/04/19;ANTIOQUIA;40
9/04/19;ANTIOQUIA;32
9/04/19;ANTIOQUIA;37
9/04/19;ANTIOQUIA;16
9/04/19;ANTIOQUIA;40
9/04/19;ARAUCA;34
9/04/19;ATLÁNTICO;45
9/04/19;BOLÍVAR;30
9/04/19;CAUCA;48
9/04/19;CAUCA;22
9/04/19;CÓRDOBA;52
9/04/19;CUNDINAMARCA;59
9/04/19;CUNDINAMARCA;38
9/04/19;CUNDINAMARCA;53
9/04/19;CUNDINAMARCA;54
9/04/19;CUNDINAMARCA;17
9/04/19;CUNDINAMARCA;28
9/04/19;MAGDALENA;44
9/04/19;PUTUMAYO;40
9/04/19;PUTUMAYO;38
9/04/19;QUINDÍO;27
9/04/19;VALLE;20
9/04/19;VALLE;23
9/04/19;VALLE;48
10/04/19;ANTIOQUIA;17
10/04/19;ANTIOQUIA;40
10/04/19;ANTIOQUIA;24
10/04/19;ANTIOQUIA;19
10/04/19;ANTIOQUIA;62
10/04/19;ANTIOQUIA;38
10/04/19;ANTIOQUIA;24
10/04/19;ANTIOQUIA;28
10/04/19;ANTIOQUIA;16
10/04/19;ATLÁNTICO;24
10/04/19;ATLÁNTICO;24
10/04/19;BOLÍVAR;69
10/04/19;CESAR;43
10/04/19;CUNDINAMARCA;35
10/04/19;CUNDINAMARCA;23
10/04/19;GUAJIRA;24
10/04/19;HUILA;69
10/04/19;MAGDALENA;37
10/04/19;META;31
10/04/19;NARIÑO;42
10/04/19;NORTE DE SANTANDER;34
10/04/19;QUINDÍO;33
10/04/19;RISARALDA;38
10/04/19;SANTANDER;27
10/04/19;VALLE;22
10/04/19;VALLE;14
10/04/19;VALLE;34
10/04/19;VALLE;19
10/04/19;VALLE;31
10/04/19;VALLE;65
10/04/19;VALLE;20
11/04/19;ANTIOQUIA;48
11/04/19;ANTIOQUIA;25
11/04/19;ANTIOQUIA;45
11/04/19;ANTIOQUIA;20
11/04/19;ANTIOQUIA;51
11/04/19;ANTIOQUIA;30
11/04/19;ANTIOQUIA;40
11/04/19;ANTIOQUIA;40
11/04/19;ANTIOQUIA;27
11/04/19;ANTIOQUIA;28
11/04/19;ANTIOQUIA;27
11/04/19;ANTIOQUIA;32
11/04/19;ANTIOQUIA;39
11/04/19;ATLÁNTICO;24
11/04/19;BOLÍVAR;69
11/04/19;CAUCA;21
11/04/19;CUNDINAMARCA;3
11/04/19;MAGDALENA;31
11/04/19;NARIÑO;28
11/04/19;NARIÑO;23
11/04/19;NORTE DE SANTANDER;33
11/04/19;NORTE DE SANTANDER;32
11/04/19;TOLIMA;62
11/04/19;VALLE;19
11/04/19;VALLE;30
11/04/19;VALLE;32
11/04/19;VALLE;22
11/04/19;VALLE;32
11/04/19;VALLE;15
11/04/19;VALLE;30
11/04/19;VALLE;26
11/04/19;VALLE;67
12/04/19;ANTIOQUIA;46
12/04/19;ANTIOQUIA;54
12/04/19;ANTIOQUIA;50
12/04/19;ANTIOQUIA;29
12/04/19;ANTIOQUIA;31
12/04/19;ANTIOQUIA;23
12/04/19;ANTIOQUIA;28
12/04/19;ANTIOQUIA;48
12/04/19;ANTIOQUIA;62
12/04/19;ANTIOQUIA;25
12/04/19;ANTIOQUIA;62
12/04/19;ANTIOQUIA;28
12/04/19;ATLÁNTICO;29
12/04/19;ATLÁNTICO;27
12/04/19;CALDAS;48
12/04/19;CAUCA;36
12/04/19;CAUCA;25
12/04/19;CHOCÓ;52
12/04/19;CÓRDOBA;27
12/04/19;CÓRDOBA;51
12/04/19;CUNDINAMARCA;33
12/04/19;CUNDINAMARCA;39
12/04/19;CUNDINAMARCA;34
12/04/19;CUNDINAMARCA;19
12/04/19;CUNDINAMARCA;37
12/04/19;HUILA;28
12/04/19;META;18
12/04/19;NARIÑO;22
12/04/19;NORTE DE SANTANDER;25
12/04/19;NORTE DE SANTANDER;25
12/04/19;QUINDÍO;19
12/04/19;QUINDÍO;34
12/04/19;SANTANDER;15
12/04/19;SANTANDER;65
12/04/19;VALLE;37
12/04/19;VALLE;57
12/04/19;VALLE;16
12/04/19;VALLE;26
1/05/19;ANTIOQUIA;53
1/05/19;ANTIOQUIA;22
1/05/19;ANTIOQUIA;31
1/05/19;ANTIOQUIA;18
1/05/19;ANTIOQUIA;24
1/05/19;ANTIOQUIA;9
1/05/19;ANTIOQUIA;23
1/05/19;ANTIOQUIA;16
1/05/19;ANTIOQUIA;28
1/05/19;ANTIOQUIA;60
1/05/19;ANTIOQUIA;18
1/05/19;ATLÁNTICO;26
1/05/19;BOLÍVAR;35
1/05/19;CALDAS;25
1/05/19;CESAR;46
1/05/19;CHOCÓ;25
1/05/19;CUNDINAMARCA;31
1/05/19;CUNDINAMARCA;44
1/05/19;CUNDINAMARCA;29
1/05/19;CUNDINAMARCA;30
1/05/19;CUNDINAMARCA;31
1/05/19;GUAJIRA;42
1/05/19;HUILA;48
1/05/19;HUILA;17
1/05/19;NARIÑO;48
1/05/19;NARIÑO;29
1/05/19;NORTE DE SANTANDER;27
1/05/19;RISARALDA;27
1/05/19;TOLIMA;28
1/05/19;TOLIMA;28
1/05/19;TOLIMA;37
1/05/19;VALLE;20
1/05/19;VALLE;39
1/05/19;VALLE;26
1/05/19;VALLE;34
1/05/19;VALLE;39
1/05/19;VALLE;30
1/05/19;VALLE;34
1/05/19;VALLE;15
1/05/19;VALLE;17
1/05/19;VALLE;17
1/05/19;VALLE;18
2/05/19;ANTIOQUIA;19
2/05/19;ANTIOQUIA;28
2/05/19;ANTIOQUIA;36
2/05/19;ANTIOQUIA;18
2/05/19;ANTIOQUIA;28
2/05/19;ANTIOQUIA;25
2/05/19;ANTIOQUIA;45
2/05/19;ANTIOQUIA;28
2/05/19;ARAUCA;39
2/05/19;ARAUCA;54
2/05/19;BOLÍVAR;33
2/05/19;BOYACÁ;38
2/05/19;CALDAS;38
2/05/19;CÓRDOBA;42
2/05/19;CÓRDOBA;47
2/05/19;CUNDINAMARCA;17
2/05/19;CUNDINAMARCA;23
2/05/19;CUNDINAMARCA;23
2/05/19;CUNDINAMARCA;28
2/05/19;CUNDINAMARCA;24
2/05/19;GUAJIRA;47
2/05/19;GUAVIARE;30
2/05/19;MAGDALENA;18
2/05/19;NARIÑO;19
2/05/19;NARIÑO;47
2/05/19;NARIÑO;39
2/05/19;NARIÑO;16
2/05/19;NARIÑO;35
2/05/19;NORTE DE SANTANDER;42
2/05/19;NORTE DE SANTANDER;23
2/05/19;PUTUMAYO;36
2/05/19;PUTUMAYO;47
2/05/19;PUTUMAYO;22
2/05/19;SAN ANDRÉS;28
2/05/19;SANTANDER;19
2/05/19;SUCRE;38
2/05/19;SUCRE;52
2/05/19;TOLIMA;44
2/05/19;TOLIMA;66
2/05/19;TOLIMA;77
2/05/19;VALLE;29
2/05/19;VALLE;32
2/05/19;VALLE;46
2/05/19;VALLE;17
2/05/19;VALLE;22
3/05/19;ANTIOQUIA;16
3/05/19;ANTIOQUIA;35
3/05/19;ANTIOQUIA;33
3/05/19;ANTIOQUIA;17
3/05/19;ANTIOQUIA;38
3/05/19;ANTIOQUIA;18
3/05/19;ANTIOQUIA;38
3/05/19;ANTIOQUIA;42
3/05/19;ANTIOQUIA;27
3/05/19;ATLÁNTICO;17
3/05/19;ATLÁNTICO;17
3/05/19;CASANARE;40
3/05/19;CAUCA;44
3/05/19;CAUCA;32
3/05/19;CAUCA;34
3/05/19;CESAR;18
3/05/19;CESAR;39
3/05/19;CUNDINAMARCA;26
3/05/19;CUNDINAMARCA;34
3/05/19;CUNDINAMARCA;24
3/05/19;CUNDINAMARCA;31
3/05/19;GUAJIRA;15
3/05/19;MAGDALENA;26
3/05/19;NARIÑO;45
3/05/19;NORTE DE SANTANDER;21
3/05/19;SANTANDER;26
3/05/19;SANTANDER;19
3/05/19;TOLIMA;53
3/05/19;VALLE;16
3/05/19;VALLE;28
3/05/19;VALLE;21
3/05/19;VALLE;18
3/05/19;VALLE;24
3/05/19;VALLE;45
3/05/19;VALLE;50
4/05/19;ANTIOQUIA;30
4/05/19;ANTIOQUIA;19
4/05/19;ANTIOQUIA;29
4/05/19;ANTIOQUIA;32
4/05/19;ANTIOQUIA;28
4/05/19;ANTIOQUIA;39
4/05/19;ANTIOQUIA;33
4/05/19;ARAUCA;31
4/05/19;ARAUCA;30
4/05/19;ATLÁNTICO;22
4/05/19;ATLÁNTICO;37
4/05/19;CAUCA;34
4/05/19;CESAR;35
4/05/19;CESAR;70
4/05/19;CESAR;58
4/05/19;CESAR;44
4/05/19;CÓRDOBA;47
4/05/19;CÓRDOBA;34
4/05/19;CUNDINAMARCA;22
4/05/19;CUNDINAMARCA;20
4/05/19;CUNDINAMARCA;23
4/05/19;CUNDINAMARCA;29
4/05/19;GUAJIRA;59
4/05/19;GUAJIRA;18
4/05/19;HUILA;34
4/05/19;MAGDALENA;25
4/05/19;MAGDALENA;21
4/05/19;NARIÑO;26
4/05/19;NARIÑO;20
4/05/19;NARIÑO;33
4/05/19;NARIÑO;31
4/05/19;RISARALDA;46
4/05/19;SANTANDER;17
4/05/19;TOLIMA;28
4/05/19;TOLIMA;35
4/05/19;VALLE;22
4/05/19;VALLE;53
4/05/19;VALLE;27
4/05/19;VALLE;18
4/05/19;VALLE;34
4/05/19;VALLE;26
4/05/19;VALLE;72
4/05/19;VALLE;70
5/05/19;ANTIOQUIA;25
5/05/19;ANTIOQUIA;35
5/05/19;ANTIOQUIA;27
5/05/19;ANTIOQUIA;38
5/05/19;ANTIOQUIA;19
5/05/19;ANTIOQUIA;50
5/05/19;ANTIOQUIA;22
5/05/19;ARAUCA;24
5/05/19;ATLÁNTICO;48
5/05/19;ATLÁNTICO;20
5/05/19;CASANARE;14
5/05/19;CAUCA;28
5/05/19;CAUCA;39
5/05/19;CAUCA;29
5/05/19;CAUCA;18
5/05/19;CHOCÓ;51
5/05/19;CÓRDOBA;18
5/05/19;CUNDINAMARCA;34
5/05/19;CUNDINAMARCA;42
5/05/19;CUNDINAMARCA;14
5/05/19;CUNDINAMARCA;23
5/05/19;CUNDINAMARCA;29
5/05/19;CUNDINAMARCA;44
5/05/19;CUNDINAMARCA;29
5/05/19;CUNDINAMARCA;32
5/05/19;CUNDINAMARCA;22
5/05/19;GUAJIRA;41
5/05/19;HUILA;38
5/05/19;MAGDALENA;44
5/05/19;MAGDALENA;21
5/05/19;NARIÑO;39
5/05/19;NORTE DE SANTANDER;37
5/05/19;NORTE DE SANTANDER;34
5/05/19;NORTE DE SANTANDER;25
5/05/19;QUINDÍO;21
5/05/19;QUINDÍO;47
5/05/19;TOLIMA;37
5/05/19;TOLIMA;44
5/05/19;TOLIMA;22
5/05/19;VALLE;29
5/05/19;VALLE;59
5/05/19;VALLE;25
5/05/19;VALLE;29
5/05/19;VALLE;28
5/05/19;VALLE;36
5/05/19;VALLE;47
5/05/19;VALLE;41
5/05/19;VALLE;31
5/05/19;VALLE;41
5/05/19;VALLE;25
6/05/19;ANTIOQUIA;22
6/05/19;ANTIOQUIA;22
6/05/19;ANTIOQUIA;37
6/05/19;ANTIOQUIA;16
6/05/19;ANTIOQUIA;18
6/05/19;ATLÁNTICO;33
6/05/19;BOLÍVAR;17
6/05/19;CAUCA;34
6/05/19;CAUCA;40
6/05/19;CAUCA;35
6/05/19;CAUCA;62
6/05/19;CAUCA;34
6/05/19;CESAR;31
6/05/19;CESAR;26
6/05/19;CESAR;32
6/05/19;CHOCÓ;26
6/05/19;CÓRDOBA;48
6/05/19;CUNDINAMARCA;37
6/05/19;CUNDINAMARCA;8
6/05/19;HUILA;39
6/05/19;MAGDALENA;25
6/05/19;NARIÑO;32
6/05/19;NARIÑO;38
6/05/19;NARIÑO;39
6/05/19;NARIÑO;57
6/05/19;NORTE DE SANTANDER;69
6/05/19;SANTANDER;34
6/05/19;SANTANDER;37
6/05/19;SANTANDER;37
6/05/19;TOLIMA;19
6/05/19;VALLE;23
6/05/19;VALLE;33
6/05/19;VALLE;19
6/05/19;VALLE;23
6/05/19;VALLE;79
6/05/19;VALLE;23
6/05/19;VALLE;29
6/05/19;VALLE;20
7/05/19;ANTIOQUIA;44
7/05/19;ANTIOQUIA;26
7/05/19;ATLÁNTICO;39
7/05/19;ATLÁNTICO;44
7/05/19;BOLÍVAR;41
7/05/19;BOLÍVAR;44
7/05/19;BOLÍVAR;38
7/05/19;CAUCA;32
7/05/19;CAUCA;36
7/05/19;CHOCÓ;44
7/05/19;CHOCÓ;28
7/05/19;CÓRDOBA;54
7/05/19;CÓRDOBA;17
7/05/19;CUNDINAMARCA;30
7/05/19;GUAJIRA;27
7/05/19;GUAJIRA;65
7/05/19;HUILA;25
7/05/19;NARIÑO;29
7/05/19;NORTE DE SANTANDER;34
7/05/19;NORTE DE SANTANDER;22
7/05/19;SANTANDER;24
7/05/19;SANTANDER;25
7/05/19;SANTANDER;27
7/05/19;VALLE;32
7/05/19;VALLE;44
7/05/19;VALLE;21
8/05/19;ANTIOQUIA;36
8/05/19;ANTIOQUIA;20
8/05/19;ARAUCA;28
8/05/19;ATLÁNTICO;20
8/05/19;ATLÁNTICO;25
8/05/19;BOYACÁ;57
8/05/19;CALDAS;79
8/05/19;CAUCA;29
8/05/19;CÓRDOBA;32
8/05/19;MAGDALENA;50
8/05/19;NARIÑO;33
8/05/19;NORTE DE SANTANDER;29
8/05/19;QUINDÍO;21
8/05/19;RISARALDA;30
8/05/19;SANTANDER;62
8/05/19;SANTANDER;18
8/05/19;SUCRE;30
8/05/19;TOLIMA;34
8/05/19;VALLE;24
8/05/19;VALLE;36
8/05/19;VALLE;33
8/05/19;VALLE;62
9/05/19;ANTIOQUIA;20
9/05/19;ANTIOQUIA;16
9/05/19;ANTIOQUIA;39
9/05/19;ANTIOQUIA;45
9/05/19;ANTIOQUIA;26
9/05/19;ANTIOQUIA;28
9/05/19;ANTIOQUIA;55
9/05/19;ANTIOQUIA;57
9/05/19;ANTIOQUIA;38
9/05/19;ANTIOQUIA;39
9/05/19;ANTIOQUIA;17
9/05/19;ARAUCA;44
9/05/19;ATLÁNTICO;57
9/05/19;BOLÍVAR;25
9/05/19;CAQUETÁ;33
9/05/19;CAUCA;29
9/05/19;CESAR;46
9/05/19;CÓRDOBA;23
9/05/19;CUNDINAMARCA;44
9/05/19;CUNDINAMARCA;49
9/05/19;MAGDALENA;25
9/05/19;MAGDALENA;27
9/05/19;NARIÑO;18
9/05/19;NARIÑO;41
9/05/19;SANTANDER;22
9/05/19;TOLIMA;67
9/05/19;TOLIMA;27
9/05/19;TOLIMA;66
9/05/19;VALLE;28
9/05/19;VALLE;42
9/05/19;VALLE;16
9/05/19;VALLE;27
9/05/19;VALLE;46
9/05/19;VALLE;33
9/05/19;VALLE;54
9/05/19;VALLE;24
9/05/19;VALLE;35
10/05/19;ANTIOQUIA;23
10/05/19;ANTIOQUIA;22
10/05/19;ANTIOQUIA;32
10/05/19;ANTIOQUIA;24
10/05/19;ANTIOQUIA;23
10/05/19;ANTIOQUIA;26
10/05/19;ANTIOQUIA;32
10/05/19;ANTIOQUIA;38
10/05/19;ANTIOQUIA;52
10/05/19;ANTIOQUIA;50
10/05/19;ATLÁNTICO;27
10/05/19;BOLÍVAR;22
10/05/19;BOLÍVAR;49
10/05/19;CASANARE;23
10/05/19;CAUCA;22
10/05/19;CAUCA;42
10/05/19;CAUCA;23
10/05/19;CAUCA;22
10/05/19;CESAR;33
10/05/19;CHOCÓ;50
10/05/19;CUNDINAMARCA;31
10/05/19;CUNDINAMARCA;53
10/05/19;CUNDINAMARCA;24
10/05/19;CUNDINAMARCA;28
10/05/19;CUNDINAMARCA;34
10/05/19;CUNDINAMARCA;39
10/05/19;HUILA;19
10/05/19;MAGDALENA;22
10/05/19;META;43
10/05/19;NARIÑO;29
10/05/19;NORTE DE SANTANDER;14
10/05/19;PUTUMAYO;80
10/05/19;QUINDÍO;21
10/05/19;SUCRE;29
10/05/19;VALLE;35
10/05/19;VALLE;23
11/05/19;ANTIOQUIA;29
11/05/19;ANTIOQUIA;30
11/05/19;ANTIOQUIA;21
11/05/19;ANTIOQUIA;34
11/05/19;ANTIOQUIA;21
11/05/19;ANTIOQUIA;27
11/05/19;ANTIOQUIA;25
11/05/19;ANTIOQUIA;20
11/05/19;ANTIOQUIA;34
11/05/19;ANTIOQUIA;20
11/05/19;BOLÍVAR;24
11/05/19;BOLÍVAR;29
11/05/19;CAQUETÁ;34
11/05/19;CAUCA;32
11/05/19;CAUCA;39
11/05/19;CAUCA;23
11/05/19;CHOCÓ;26
11/05/19;CUNDINAMARCA;39
11/05/19;CUNDINAMARCA;30
11/05/19;CUNDINAMARCA;40
11/05/19;CUNDINAMARCA;27
11/05/19;CUNDINAMARCA;34
11/05/19;CUNDINAMARCA;26
11/05/19;CUNDINAMARCA;23
11/05/19;HUILA;64
11/05/19;META;18
11/05/19;NARIÑO;26
11/05/19;RISARALDA;31
11/05/19;RISARALDA;29
11/05/19;SANTANDER;25
11/05/19;SANTANDER;43
11/05/19;VALLE;25
11/05/19;VALLE;42
11/05/19;VALLE;23
11/05/19;VALLE;32
11/05/19;VALLE;18
11/05/19;VALLE;20
11/05/19;VALLE;33
12/05/19;ANTIOQUIA;27
12/05/19;ANTIOQUIA;37
12/05/19;ANTIOQUIA;71
12/05/19;ANTIOQUIA;55
12/05/19;ANTIOQUIA;35
12/05/19;ANTIOQUIA;34
12/05/19;ANTIOQUIA;18
12/05/19;ANTIOQUIA;27
12/05/19;ANTIOQUIA;43
12/05/19;ATLÁNTICO;33
12/05/19;ATLÁNTICO;33
12/05/19;ATLÁNTICO;31
12/05/19;ATLÁNTICO;16
12/05/19;BOLÍVAR;29
12/05/19;BOLÍVAR;35
12/05/19;BOYACÁ;15
12/05/19;BOYACÁ;38
12/05/19;CAQUETÁ;28
12/05/19;CASANARE;29
12/05/19;CAUCA;62
12/05/19;CAUCA;18
12/05/19;CAUCA;15
12/05/19;CESAR;13
12/05/19;CUNDINAMARCA;18
12/05/19;CUNDINAMARCA;33
12/05/19;CUNDINAMARCA;25
12/05/19;CUNDINAMARCA;21
12/05/19;CUNDINAMARCA;27
12/05/19;CUNDINAMARCA;49
12/05/19;CUNDINAMARCA;24
12/05/19;CUNDINAMARCA;34
12/05/19;CUNDINAMARCA;47
12/05/19;GUAJIRA;34
12/05/19;GUAJIRA;39
12/05/19;HUILA;32
12/05/19;HUILA;25
12/05/19;MAGDALENA;63
12/05/19;META;23
12/05/19;NARIÑO;43
12/05/19;NARIÑO;31
12/05/19;NARIÑO;50
12/05/19;NARIÑO;30
12/05/19;NORTE DE SANTANDER;25
12/05/19;NORTE DE SANTANDER;17
12/05/19;RISARALDA;27
12/05/19;SANTANDER;27
12/05/19;SANTANDER;29
12/05/19;TOLIMA;24
12/05/19;VALLE;37
12/05/19;VALLE;22
12/05/19;VALLE;22
12/05/19;VALLE;39
12/05/19;VALLE;35
12/05/19;VALLE;32
12/05/19;VALLE;33
12/05/19;VALLE;26
12/05/19;VALLE;26
12/05/19;VALLE;34
12/05/19;VALLE;28
12/05/19;VALLE;42
12/05/19;VALLE;27
12/05/19;VALLE;22
1/06/19;ANTIOQUIA;22
1/06/19;ANTIOQUIA;47
1/06/19;ANTIOQUIA;54
1/06/19;ANTIOQUIA;21
1/06/19;ANTIOQUIA;40
1/06/19;ATLÁNTICO;60
1/06/19;ATLÁNTICO;33
1/06/19;BOLÍVAR;27
1/06/19;BOYACÁ;32
1/06/19;CALDAS;31
1/06/19;CALDAS;17
1/06/19;CAQUETÁ;25
1/06/19;CAUCA;40
1/06/19;CHOCÓ;14
1/06/19;CÓRDOBA;33
1/06/19;CÓRDOBA;23
1/06/19;CUNDINAMARCA;31
1/06/19;CUNDINAMARCA;52
1/06/19;CUNDINAMARCA;24
1/06/19;GUAJIRA;24
1/06/19;HUILA;22
1/06/19;META;33
1/06/19;NARIÑO;18
1/06/19;NORTE DE SANTANDER;36
1/06/19;NORTE DE SANTANDER;41
1/06/19;NORTE DE SANTANDER;28
1/06/19;NORTE DE SANTANDER;33
1/06/19;QUINDÍO;33
1/06/19;SAN ANDRÉS;41
1/06/19;SANTANDER;35
1/06/19;TOLIMA;26
1/06/19;TOLIMA;29
1/06/19;VALLE;54
1/06/19;VALLE;19
2/06/19;ANTIOQUIA;34
2/06/19;ANTIOQUIA;23
2/06/19;ANTIOQUIA;69
2/06/19;ANTIOQUIA;16
2/06/19;ANTIOQUIA;20
2/06/19;ANTIOQUIA;35
2/06/19;ANTIOQUIA;43
2/06/19;ANTIOQUIA;42
2/06/19;ANTIOQUIA;25
2/06/19;ANTIOQUIA;24
2/06/19;ANTIOQUIA;65
2/06/19;ANTIOQUIA;42
2/06/19;ANTIOQUIA;25
2/06/19;ANTIOQUIA;20
2/06/19;ANTIOQUIA;27
2/06/19;ANTIOQUIA;30
2/06/19;ANTIOQUIA;40
2/06/19;ARAUCA;24
2/06/19;ATLÁNTICO;25
2/06/19;CALDAS;25
2/06/19;CAQUETÁ;34
2/06/19;CAUCA;22
2/06/19;CAUCA;29
2/06/19;CAUCA;26
2/06/19;CAUCA;36
2/06/19;CESAR;43
2/06/19;CESAR;27
2/06/19;CHOCÓ;29
2/06/19;CÓRDOBA;51
2/06/19;CUNDINAMARCA;32
2/06/19;CUNDINAMARCA;22
2/06/19;CUNDINAMARCA;26
2/06/19;CUNDINAMARCA;18
2/06/19;CUNDINAMARCA;33
2/06/19;CUNDINAMARCA;20
2/06/19;CUNDINAMARCA;35
2/06/19;CUNDINAMARCA;22
2/06/19;CUNDINAMARCA;27
2/06/19;HUILA;23
2/06/19;META;43
2/06/19;NARIÑO;29
2/06/19;NARIÑO;38
2/06/19;NARIÑO;32
2/06/19;NORTE DE SANTANDER;20
2/06/19;NORTE DE SANTANDER;54
2/06/19;NORTE DE SANTANDER;48
2/06/19;NORTE DE SANTANDER;24
2/06/19;QUINDÍO;23
2/06/19;QUINDÍO;48
2/06/19;QUINDÍO;14
2/06/19;SANTANDER;30
2/06/19;SUCRE;33
2/06/19;TOLIMA;31
2/06/19;TOLIMA;38
2/06/19;TOLIMA;60
2/06/19;VALLE;10
2/06/19;VALLE;16
2/06/19;VALLE;15
2/06/19;VALLE;25
2/06/19;VALLE;19
2/06/19;VALLE;58
2/06/19;VALLE;39
3/06/19;ANTIOQUIA;38
3/06/19;ANTIOQUIA;21
3/06/19;ANTIOQUIA;47
3/06/19;ANTIOQUIA;16
3/06/19;ANTIOQUIA;48
3/06/19;ANTIOQUIA;43
3/06/19;ANTIOQUIA;23
3/06/19;ANTIOQUIA;33
3/06/19;ANTIOQUIA;31
3/06/19;ANTIOQUIA;22
3/06/19;ANTIOQUIA;16
3/06/19;ATLÁNTICO;26
3/06/19;ATLÁNTICO;21
3/06/19;BOLÍVAR;50
3/06/19;CAUCA;18
3/06/19;CÓRDOBA;27
3/06/19;CÓRDOBA;24
3/06/19;CUNDINAMARCA;74
3/06/19;GUAJIRA;21
3/06/19;NARIÑO;29
3/06/19;RISARALDA;4
3/06/19;RISARALDA;24
3/06/19;SUCRE;32
3/06/19;TOLIMA;21
3/06/19;VALLE;55
3/06/19;VALLE;23
3/06/19;VALLE;56
3/06/19;VALLE;45
3/06/19;VALLE;18
3/06/19;VALLE;72
3/06/19;VALLE;15
3/06/19;VALLE;61
3/06/19;VALLE;41
3/06/19;VALLE;37
4/06/19;ANTIOQUIA;31
4/06/19;ANTIOQUIA;23
4/06/19;ANTIOQUIA;34
4/06/19;ANTIOQUIA;19
4/06/19;ANTIOQUIA;33
4/06/19;ANTIOQUIA;35
4/06/19;ANTIOQUIA;27
4/06/19;ANTIOQUIA;28
4/06/19;ATLÁNTICO;19
4/06/19;BOLÍVAR;34
4/06/19;CALDAS;29
4/06/19;CASANARE;19
4/06/19;CAUCA;28
4/06/19;CESAR;41
4/06/19;CÓRDOBA;46
4/06/19;CUNDINAMARCA;72
4/06/19;CUNDINAMARCA;27
4/06/19;CUNDINAMARCA;30
4/06/19;CUNDINAMARCA;21
4/06/19;GUAJIRA;68
4/06/19;META;31
4/06/19;NARIÑO;30
4/06/19;NARIÑO;42
4/06/19;NORTE DE SANTANDER;34
4/06/19;SANTANDER;22
4/06/19;VALLE;30
4/06/19;VALLE;22
4/06/19;VALLE;18
4/06/19;VALLE;16
4/06/19;VALLE;27
5/06/19;ANTIOQUIA;28
5/06/19;ANTIOQUIA;50
5/06/19;ANTIOQUIA;28
5/06/19;ANTIOQUIA;22
5/06/19;ANTIOQUIA;62
5/06/19;ANTIOQUIA;25
5/06/19;ANTIOQUIA;26
5/06/19;ANTIOQUIA;55
5/06/19;ARAUCA;25
5/06/19;ATLÁNTICO;27
5/06/19;ATLÁNTICO;50
5/06/19;CAUCA;24
5/06/19;CESAR;20
5/06/19;CUNDINAMARCA;35
5/06/19;CUNDINAMARCA;23
5/06/19;CUNDINAMARCA;25
5/06/19;CUNDINAMARCA;56
5/06/19;GUAINÍA;25
5/06/19;GUAINÍA;28
5/06/19;GUAJIRA;21
5/06/19;META;28
5/06/19;NARIÑO;29
5/06/19;NORTE DE SANTANDER;21
5/06/19;NORTE DE SANTANDER;32
5/06/19;QUINDÍO;24
5/06/19;SUCRE;36
5/06/19;TOLIMA;2
5/06/19;TOLIMA;18
5/06/19;VALLE;28
5/06/19;VALLE;42
5/06/19;VALLE;54
6/06/19;ANTIOQUIA;29
6/06/19;ANTIOQUIA;40
6/06/19;ANTIOQUIA;36
6/06/19;ATLÁNTICO;26
6/06/19;BOLÍVAR;16
6/06/19;CAUCA;17
6/06/19;CAUCA;23
6/06/19;CÓRDOBA;38
6/06/19;CUNDINAMARCA;50
6/06/19;CUNDINAMARCA;19
6/06/19;META;48
6/06/19;NORTE DE SANTANDER;47
6/06/19;NORTE DE SANTANDER;48
6/06/19;PUTUMAYO;39
6/06/19;QUINDÍO;26
6/06/19;SANTANDER;20
6/06/19;SUCRE;35
6/06/19;SUCRE;31
6/06/19;SUCRE;28
6/06/19;TOLIMA;23
6/06/19;VALLE;36
6/06/19;VALLE;36
6/06/19;VALLE;37
6/06/19;VALLE;15
6/06/19;VALLE;20
6/06/19;VALLE;36
6/06/19;VALLE;28
7/06/19;ANTIOQUIA;23
7/06/19;ANTIOQUIA;39
7/06/19;ANTIOQUIA;25
7/06/19;ANTIOQUIA;42
7/06/19;ANTIOQUIA;18
7/06/19;ATLÁNTICO;70
7/06/19;ATLÁNTICO;37
7/06/19;ATLÁNTICO;25
7/06/19;BOLÍVAR;43
7/06/19;BOYACÁ;30
7/06/19;CAUCA;46
7/06/19;CÓRDOBA;56
7/06/19;CUNDINAMARCA;63
7/06/19;CUNDINAMARCA;25
7/06/19;CUNDINAMARCA;37
7/06/19;MAGDALENA;27
7/06/19;META;16
7/06/19;NARIÑO;18
7/06/19;NARIÑO;19
7/06/19;NARIÑO;19
7/06/19;NARIÑO;40
7/06/19;NARIÑO;32
7/06/19;NARIÑO;30
7/06/19;NARIÑO;34
7/06/19;NARIÑO;28
7/06/19;SANTANDER;35
7/06/19;VALLE;28
7/06/19;VALLE;36
7/06/19;VALLE;28
7/06/19;VALLE;30
8/06/19;ANTIOQUIA;57
8/06/19;ANTIOQUIA;38
8/06/19;ANTIOQUIA;60
8/06/19;ANTIOQUIA;60
8/06/19;ANTIOQUIA;18
8/06/19;ARAUCA;16
8/06/19;ARAUCA;31
8/06/19;BOLÍVAR;18
8/06/19;CAUCA;20
8/06/19;CAUCA;21
8/06/19;CESAR;86
8/06/19;CESAR;23
8/06/19;CHOCÓ;35
8/06/19;CÓRDOBA;25
8/06/19;CÓRDOBA;29
8/06/19;CÓRDOBA;21
8/06/19;CUNDINAMARCA;44
8/06/19;CUNDINAMARCA;22
8/06/19;NARIÑO;53
8/06/19;NARIÑO;23
8/06/19;NARIÑO;38
8/06/19;NORTE DE SANTANDER;21
8/06/19;NORTE DE SANTANDER;67
8/06/19;QUINDÍO;31
8/06/19;RISARALDA;34
8/06/19;SUCRE;42
8/06/19;SUCRE;56
8/06/19;TOLIMA;25
8/06/19;VALLE;33
8/06/19;VALLE;32
8/06/19;VALLE;39
8/06/19;VALLE;27
8/06/19;VICHADA;36
9/06/19;ANTIOQUIA;28
9/06/19;ANTIOQUIA;30
9/06/19;ANTIOQUIA;31
9/06/19;ANTIOQUIA;26
9/06/19;ANTIOQUIA;27
9/06/19;ANTIOQUIA;26
9/06/19;ANTIOQUIA;59
9/06/19;ANTIOQUIA;33
9/06/19;ARAUCA;27
9/06/19;ARAUCA;29
9/06/19;ARAUCA;29
9/06/19;ARAUCA;30
9/06/19;ARAUCA;30
9/06/19;ATLÁNTICO;28
9/06/19;ATLÁNTICO;31
9/06/19;BOLÍVAR;22
9/06/19;BOLÍVAR;32
9/06/19;BOYACÁ;25
9/06/19;CASANARE;22
9/06/19;CAUCA;36
9/06/19;CAUCA;18
9/06/19;CAUCA;32
9/06/19;CESAR;21
9/06/19;CHOCÓ;58
9/06/19;CÓRDOBA;39
9/06/19;CUNDINAMARCA;22
9/06/19;CUNDINAMARCA;35
9/06/19;CUNDINAMARCA;35
9/06/19;CUNDINAMARCA;45
9/06/19;CUNDINAMARCA;37
9/06/19;GUAJIRA;22
9/06/19;HUILA;34
9/06/19;HUILA;24
9/06/19;MAGDALENA;32
9/06/19;MAGDALENA;37
9/06/19;NARIÑO;25
9/06/19;NORTE DE SANTANDER;17
9/06/19;NORTE DE SANTANDER;24
9/06/19;PUTUMAYO;18
9/06/19;QUINDÍO;52
9/06/19;RISARALDA;22
9/06/19;RISARALDA;27
9/06/19;SANTANDER;22
9/06/19;VALLE;49
9/06/19;VALLE;32
9/06/19;VALLE;18
9/06/19;VALLE;22
9/06/19;VALLE;17
10/06/19;ANTIOQUIA;17
10/06/19;ANTIOQUIA;28
10/06/19;ANTIOQUIA;23
10/06/19;ANTIOQUIA;20
10/06/19;ANTIOQUIA;40
10/06/19;ANTIOQUIA;43
10/06/19;ANTIOQUIA;21
10/06/19;ANTIOQUIA;28
10/06/19;ANTIOQUIA;35
10/06/19;ARAUCA;29
10/06/19;ATLÁNTICO;63
10/06/19;ATLÁNTICO;25
10/06/19;BOLÍVAR;15
10/06/19;CAQUETÁ;17
10/06/19;CAUCA;42
10/06/19;CAUCA;45
10/06/19;CAUCA;17
10/06/19;CAUCA;39
10/06/19;CESAR;27
10/06/19;CHOCÓ;24
10/06/19;CUNDINAMARCA;67
10/06/19;CUNDINAMARCA;38
10/06/19;CUNDINAMARCA;19
10/06/19;HUILA;42
10/06/19;HUILA;19
10/06/19;MAGDALENA;37
10/06/19;NARIÑO;24
10/06/19;NORTE DE SANTANDER;40
10/06/19;VALLE;45
10/06/19;VALLE;34
10/06/19;VALLE;20
10/06/19;VALLE;23
10/06/19;VALLE;19
10/06/19;VALLE;26
10/06/19;VALLE;30
10/06/19;VALLE;18
10/06/19;VALLE;22
10/06/19;VALLE;27
11/06/19;ANTIOQUIA;26
11/06/19;ANTIOQUIA;29
11/06/19;ATLÁNTICO;23
11/06/19;ATLÁNTICO;57
11/06/19;ATLÁNTICO;23
11/06/19;ATLÁNTICO;22
11/06/19;ATLÁNTICO;28
11/06/19;ATLÁNTICO;41
11/06/19;CALDAS;39
11/06/19;CESAR;37
11/06/19;CÓRDOBA;28
11/06/19;CUNDINAMARCA;35
11/06/19;MAGDALENA;49
11/06/19;MAGDALENA;47
11/06/19;MAGDALENA;47
11/06/19;NARIÑO;23
11/06/19;NARIÑO;22
11/06/19;NARIÑO;20
11/06/19;NORTE DE SANTANDER;39
11/06/19;NORTE DE SANTANDER;49
11/06/19;PUTUMAYO;38
11/06/19;QUINDÍO;26
11/06/19;SUCRE;51
11/06/19;SUCRE;21
11/06/19;VALLE;43
11/06/19;VALLE;37
11/06/19;VALLE;33
12/06/19;ANTIOQUIA;17
12/06/19;ANTIOQUIA;59
12/06/19;ANTIOQUIA;38
12/06/19;ANTIOQUIA;47
12/06/19;ANTIOQUIA;34
12/06/19;ANTIOQUIA;24
12/06/19;ANTIOQUIA;44
12/06/19;ATLÁNTICO;51
12/06/19;ATLÁNTICO;19
12/06/19;ATLÁNTICO;27
12/06/19;ATLÁNTICO;50
12/06/19;CAUCA;29
12/06/19;CHOCÓ;21
12/06/19;CHOCÓ;36
12/06/19;CUNDINAMARCA;39
12/06/19;CUNDINAMARCA;32
12/06/19;CUNDINAMARCA;28
12/06/19;CUNDINAMARCA;82
12/06/19;CUNDINAMARCA;21
12/06/19;CUNDINAMARCA;34
12/06/19;CUNDINAMARCA;53
12/06/19;NARIÑO;34
12/06/19;NARIÑO;37
12/06/19;NARIÑO;40
12/06/19;NARIÑO;19
12/06/19;NORTE DE SANTANDER;45
12/06/19;NORTE DE SANTANDER;17
12/06/19;NORTE DE SANTANDER;23
12/06/19;QUINDÍO;17
12/06/19;QUINDÍO;27
12/06/19;VALLE;30
12/06/19;VALLE;35
12/06/19;VALLE;14
12/06/19;VALLE;28
1/07/19;ANTIOQUIA;39
1/07/19;ANTIOQUIA;20
1/07/19;ANTIOQUIA;19
1/07/19;ANTIOQUIA;34
1/07/19;ANTIOQUIA;28
1/07/19;ANTIOQUIA;14
1/07/19;ATLÁNTICO;32
1/07/19;BOLÍVAR;15
1/07/19;BOLÍVAR;31
1/07/19;BOLÍVAR;22
1/07/19;CALDAS;29
1/07/19;CALDAS;34
1/07/19;CAQUETÁ;41
1/07/19;CAUCA;27
1/07/19;CAUCA;29
1/07/19;CAUCA;19
1/07/19;CAUCA;21
1/07/19;CAUCA;39
1/07/19;CAUCA;29
1/07/19;CESAR;21
1/07/19;CESAR;30
1/07/19;CÓRDOBA;36
1/07/19;CUNDINAMARCA;25
1/07/19;CUNDINAMARCA;42
1/07/19;CUNDINAMARCA;30
1/07/19;CUNDINAMARCA;58
1/07/19;CUNDINAMARCA;30
1/07/19;GUAJIRA;43
1/07/19;META;45
1/07/19;META;25
1/07/19;NARIÑO;29
1/07/19;NARIÑO;20
1/07/19;PUTUMAYO;48
1/07/19;RISARALDA;21
1/07/19;TOLIMA;21
1/07/19;VALLE;28
1/07/19;VALLE;20
1/07/19;VALLE;17
1/07/19;VALLE;15
1/07/19;VALLE;37
1/07/19;VALLE;34
1/07/19;VALLE;27
1/07/19;VALLE;34
1/07/19;VALLE;20
2/07/19;ANTIOQUIA;30
2/07/19;ANTIOQUIA;22
2/07/19;ANTIOQUIA;36
2/07/19;ANTIOQUIA;55
2/07/19;ANTIOQUIA;40
2/07/19;ANTIOQUIA;49
2/07/19;ANTIOQUIA;17
2/07/19;ARAUCA;35
2/07/19;CAUCA;36
2/07/19;CUNDINAMARCA;35
2/07/19;CUNDINAMARCA;16
2/07/19;HUILA;23
2/07/19;HUILA;37
2/07/19;META;40
2/07/19;RISARALDA;22
2/07/19;VALLE;17
2/07/19;VALLE;46
2/07/19;VALLE;62
2/07/19;VALLE;16
2/07/19;VALLE;32
2/07/19;VALLE;21
3/07/19;ANTIOQUIA;30
3/07/19;ANTIOQUIA;35
3/07/19;ANTIOQUIA;26
3/07/19;ANTIOQUIA;28
3/07/19;ANTIOQUIA;41
3/07/19;ATLÁNTICO;34
3/07/19;CESAR;35
3/07/19;CHOCÓ;31
3/07/19;CUNDINAMARCA;59
3/07/19;CUNDINAMARCA;17
3/07/19;CUNDINAMARCA;22
3/07/19;HUILA;18
3/07/19;MAGDALENA;25
3/07/19;NARIÑO;26
3/07/19;NORTE DE SANTANDER;43
3/07/19;NORTE DE SANTANDER;32
3/07/19;NORTE DE SANTANDER;38
3/07/19;VALLE;37
3/07/19;VALLE;48
3/07/19;VALLE;16
3/07/19;VALLE;24
4/07/19;ANTIOQUIA;23
4/07/19;ANTIOQUIA;30
4/07/19;ANTIOQUIA;21
4/07/19;ANTIOQUIA;25
4/07/19;ATLÁNTICO;49
4/07/19;BOLÍVAR;41
4/07/19;CALDAS;19
4/07/19;CAQUETÁ;24
4/07/19;CASANARE;37
4/07/19;CAUCA;42
4/07/19;CAUCA;32
4/07/19;CESAR;46
4/07/19;CÓRDOBA;24
4/07/19;CUNDINAMARCA;23
4/07/19;MAGDALENA;28
4/07/19;MAGDALENA;37
4/07/19;NORTE DE SANTANDER;25
4/07/19;NORTE DE SANTANDER;30
4/07/19;PUTUMAYO;43
4/07/19;QUINDÍO;33
4/07/19;SANTANDER;22
4/07/19;TOLIMA;42
4/07/19;TOLIMA;21
4/07/19;VALLE;32
5/07/19;ANTIOQUIA;20
5/07/19;ANTIOQUIA;37
5/07/19;ANTIOQUIA;44
5/07/19;ATLÁNTICO;24
5/07/19;ATLÁNTICO;57
5/07/19;BOLÍVAR;24
5/07/19;BOLÍVAR;42
5/07/19;BOLÍVAR;22
5/07/19;BOLÍVAR;37
5/07/19;CESAR;23
5/07/19;CUNDINAMARCA;43
5/07/19;CUNDINAMARCA;24
5/07/19;CUNDINAMARCA;26
5/07/19;CUNDINAMARCA;39
5/07/19;NARIÑO;14
5/07/19;NORTE DE SANTANDER;35
5/07/19;NORTE DE SANTANDER;27
5/07/19;QUINDÍO;31
5/07/19;RISARALDA;78
5/07/19;SANTANDER;17
5/07/19;VALLE;21
5/07/19;VALLE;21
5/07/19;VALLE;36
5/07/19;VICHADA;34
6/07/19;ANTIOQUIA;31
6/07/19;ANTIOQUIA;50
6/07/19;ANTIOQUIA;52
6/07/19;ANTIOQUIA;24
6/07/19;ANTIOQUIA;20
6/07/19;ANTIOQUIA;33
6/07/19;ANTIOQUIA;34
6/07/19;ANTIOQUIA;34
6/07/19;ARAUCA;20
6/07/19;ARAUCA;21
6/07/19;BOYACÁ;56
6/07/19;CAQUETÁ;19
6/07/19;CHOCÓ;31
6/07/19;CÓRDOBA;67
6/07/19;CUNDINAMARCA;51
6/07/19;CUNDINAMARCA;40
6/07/19;CUNDINAMARCA;22
6/07/19;CUNDINAMARCA;50
6/07/19;GUAJIRA;26
6/07/19;GUAJIRA;33
6/07/19;MAGDALENA;39
6/07/19;MAGDALENA;21
6/07/19;META;27
6/07/19;NARIÑO;50
6/07/19;NARIÑO;38
6/07/19;NARIÑO;29
6/07/19;NORTE DE SANTANDER;22
6/07/19;NORTE DE SANTANDER;41
6/07/19;QUINDÍO;26
6/07/19;RISARALDA;39
6/07/19;RISARALDA;37
6/07/19;SANTANDER;56
6/07/19;SUCRE;27
6/07/19;TOLIMA;24
6/07/19;VALLE;36
6/07/19;VALLE;27
6/07/19;VALLE;26
6/07/19;VALLE;32
6/07/19;VALLE;31
7/07/19;ANTIOQUIA;17
7/07/19;ANTIOQUIA;47
7/07/19;ANTIOQUIA;18
7/07/19;ANTIOQUIA;35
7/07/19;ANTIOQUIA;27
7/07/19;ANTIOQUIA;35
7/07/19;ANTIOQUIA;23
7/07/19;ANTIOQUIA;48
7/07/19;ANTIOQUIA;39
7/07/19;ANTIOQUIA;38
7/07/19;ATLÁNTICO;24
7/07/19;BOYACÁ;28
7/07/19;CALDAS;54
7/07/19;CALDAS;69
7/07/19;CAQUETÁ;29
7/07/19;CAUCA;23
7/07/19;CAUCA;34
7/07/19;CÓRDOBA;15
7/07/19;CÓRDOBA;19
7/07/19;CÓRDOBA;22
7/07/19;CUNDINAMARCA;24
7/07/19;CUNDINAMARCA;36
7/07/19;CUNDINAMARCA;28
7/07/19;CUNDINAMARCA;49
7/07/19;GUAVIARE;39
7/07/19;MAGDALENA;29
7/07/19;MAGDALENA;39
7/07/19;NARIÑO;30
7/07/19;NARIÑO;21
7/07/19;NORTE DE SANTANDER;30
7/07/19;PUTUMAYO;27
7/07/19;PUTUMAYO;20
7/07/19;SANTANDER;25
7/07/19;TOLIMA;33
7/07/19;VALLE;17
7/07/19;VALLE;22
7/07/19;VALLE;19
7/07/19;VALLE;17
7/07/19;VALLE;23
7/07/19;VALLE;24
7/07/19;VALLE;24
7/07/19;VALLE;24
7/07/19;VALLE;29
7/07/19;VALLE;18
7/07/19;VALLE;30
7/07/19;VALLE;58
8/07/19;ANTIOQUIA;20
8/07/19;ANTIOQUIA;41
8/07/19;ANTIOQUIA;48
8/07/19;ANTIOQUIA;33
8/07/19;ANTIOQUIA;39
8/07/19;ANTIOQUIA;35
8/07/19;ARAUCA;24
8/07/19;CALDAS;75
8/07/19;CAUCA;27
8/07/19;CAUCA;22
8/07/19;CAUCA;23
8/07/19;CAUCA;24
8/07/19;CAUCA;17
8/07/19;CÓRDOBA;33
8/07/19;CÓRDOBA;39
8/07/19;CÓRDOBA;19
8/07/19;CUNDINAMARCA;24
8/07/19;CUNDINAMARCA;31
8/07/19;GUAJIRA;31
8/07/19;MAGDALENA;33
8/07/19;NARIÑO;26
8/07/19;RISARALDA;42
8/07/19;RISARALDA;40
8/07/19;TOLIMA;43
8/07/19;VALLE;40
8/07/19;VALLE;23
8/07/19;VALLE;44
8/07/19;VALLE;32
8/07/19;VALLE;23
8/07/19;VALLE;22
8/07/19;VALLE;28
8/07/19;VALLE;47
9/07/19;ANTIOQUIA;36
9/07/19;ANTIOQUIA;33
9/07/19;ANTIOQUIA;36
9/07/19;ANTIOQUIA;21
9/07/19;ARAUCA;26
9/07/19;ATLÁNTICO;36
9/07/19;BOLÍVAR;37
9/07/19;BOLÍVAR;30
9/07/19;CAQUETÁ;33
9/07/19;CAUCA;42
9/07/19;CAUCA;19
9/07/19;CAUCA;23
9/07/19;CÓRDOBA;48
9/07/19;CUNDINAMARCA;37
9/07/19;NORTE DE SANTANDER;17
9/07/19;VALLE;65
9/07/19;VALLE;37
9/07/19;VALLE;41
9/07/19;VALLE;23
9/07/19;VICHADA;25
10/07/19;ANTIOQUIA;39
10/07/19;ANTIOQUIA;28
10/07/19;ANTIOQUIA;32
10/07/19;ANTIOQUIA;24
10/07/19;ANTIOQUIA;49
10/07/19;ANTIOQUIA;35
10/07/19;ANTIOQUIA;28
10/07/19;ATLÁNTICO;42
10/07/19;CAUCA;51
10/07/19;CÓRDOBA;21
10/07/19;CUNDINAMARCA;20
10/07/19;GUAVIARE;10
10/07/19;NARIÑO;24
10/07/19;RISARALDA;26
10/07/19;TOLIMA;19
10/07/19;VALLE;39
10/07/19;VALLE;17
10/07/19;VALLE;17
10/07/19;VALLE;19
11/07/19;ANTIOQUIA;24
11/07/19;ANTIOQUIA;26
11/07/19;ANTIOQUIA;18
11/07/19;ANTIOQUIA;24
11/07/19;ATLÁNTICO;25
11/07/19;BOLÍVAR;19
11/07/19;BOLÍVAR;35
11/07/19;CAUCA;14
11/07/19;CUNDINAMARCA;33
11/07/19;CUNDINAMARCA;16
11/07/19;CUNDINAMARCA;16
11/07/19;CUNDINAMARCA;29
11/07/19;CUNDINAMARCA;39
11/07/19;META;21
11/07/19;NARIÑO;22
11/07/19;NARIÑO;23
11/07/19;NARIÑO;30
11/07/19;NARIÑO;33
11/07/19;QUINDÍO;18
11/07/19;VALLE;26
11/07/19;VALLE;29
11/07/19;VALLE;37
12/07/19;ANTIOQUIA;23
12/07/19;ANTIOQUIA;27
12/07/19;ANTIOQUIA;30
12/07/19;ANTIOQUIA;24
12/07/19;ANTIOQUIA;28
12/07/19;ANTIOQUIA;57
12/07/19;CAUCA;17
12/07/19;CESAR;84
12/07/19;CUNDINAMARCA;35
12/07/19;CUNDINAMARCA;29
12/07/19;GUAJIRA;24
12/07/19;HUILA;27
12/07/19;MAGDALENA;32
12/07/19;META;48
12/07/19;META;55
12/07/19;NORTE DE SANTANDER;40
12/07/19;QUINDÍO;26
12/07/19;SANTANDER;32
12/07/19;SANTANDER;40
12/07/19;TOLIMA;24
12/07/19;VALLE;18
12/07/19;VALLE;33
12/07/19;VALLE;21
12/07/19;VALLE;21
12/07/19;VALLE;14
12/07/19;VALLE;17
12/07/19;VALLE;25
12/07/19;VALLE;27
12/07/19;VALLE;59
1/08/19;ANTIOQUIA;30
1/08/19;ANTIOQUIA;16
1/08/19;ARAUCA;40
1/08/19;ATLÁNTICO;43
1/08/19;BOLÍVAR;23
1/08/19;BOYACÁ;34
1/08/19;CALDAS;35
1/08/19;CASANARE;25
1/08/19;CAUCA;25
1/08/19;CAUCA;19
1/08/19;CESAR;16
1/08/19;CÓRDOBA;30
1/08/19;CÓRDOBA;25
1/08/19;CUNDINAMARCA;45
1/08/19;CUNDINAMARCA;31
1/08/19;NARIÑO;53
1/08/19;NORTE DE SANTANDER;34
1/08/19;SANTANDER;29
1/08/19;VALLE;19
1/08/19;VALLE;32
1/08/19;VALLE;31
1/08/19;VALLE;38
2/08/19;ANTIOQUIA;22
2/08/19;ANTIOQUIA;54
2/08/19;ANTIOQUIA;30
2/08/19;ANTIOQUIA;63
2/08/19;ANTIOQUIA;25
2/08/19;ANTIOQUIA;31
2/08/19;ATLÁNTICO;21
2/08/19;CALDAS;26
2/08/19;CAUCA;50
2/08/19;CHOCÓ;36
2/08/19;CHOCÓ;32
2/08/19;CÓRDOBA;22
2/08/19;CUNDINAMARCA;18
2/08/19;CUNDINAMARCA;24
2/08/19;CUNDINAMARCA;25
2/08/19;CUNDINAMARCA;50
2/08/19;CUNDINAMARCA;36
2/08/19;HUILA;35
2/08/19;META;17
2/08/19;META;29
2/08/19;META;25
2/08/19;NARIÑO;47
2/08/19;QUINDÍO;52
2/08/19;RISARALDA;34
2/08/19;SANTANDER;24
2/08/19;VALLE;41
2/08/19;VALLE;36
2/08/19;VALLE;47
3/08/19;ANTIOQUIA;50
3/08/19;ANTIOQUIA;19
3/08/19;ANTIOQUIA;23
3/08/19;ATLÁNTICO;26
3/08/19;ATLÁNTICO;16
3/08/19;CALDAS;43
3/08/19;CAQUETÁ;29
3/08/19;CAQUETÁ;34
3/08/19;CAUCA;26
3/08/19;CAUCA;18
3/08/19;CESAR;39
3/08/19;CHOCÓ;31
3/08/19;CÓRDOBA;26
3/08/19;CUNDINAMARCA;32
3/08/19;CUNDINAMARCA;34
3/08/19;CUNDINAMARCA;48
3/08/19;GUAJIRA;27
3/08/19;HUILA;21
3/08/19;HUILA;30
3/08/19;MAGDALENA;73
3/08/19;META;43
3/08/19;NARIÑO;28
3/08/19;PUTUMAYO;19
3/08/19;RISARALDA;57
3/08/19;SANTANDER;39
3/08/19;SANTANDER;48
3/08/19;SUCRE;15
3/08/19;SUCRE;18
3/08/19;SUCRE;38
3/08/19;TOLIMA;69
3/08/19;VALLE;30
3/08/19;VALLE;46
3/08/19;VALLE;18
3/08/19;VALLE;21
3/08/19;VALLE;23
3/08/19;VALLE;26
3/08/19;VALLE;51
3/08/19;VALLE;31
3/08/19;VALLE;28
3/08/19;VALLE;39
4/08/19;ANTIOQUIA;21
4/08/19;ANTIOQUIA;40
4/08/19;ANTIOQUIA;27
4/08/19;ANTIOQUIA;29
4/08/19;ANTIOQUIA;25
4/08/19;ATLÁNTICO;23
4/08/19;BOLÍVAR;30
4/08/19;BOLÍVAR;37
4/08/19;CALDAS;20
4/08/19;CAQUETÁ;34
4/08/19;CAUCA;50
4/08/19;CAUCA;21
4/08/19;CESAR;38
4/08/19;CÓRDOBA;28
4/08/19;CUNDINAMARCA;21
4/08/19;CUNDINAMARCA;25
4/08/19;CUNDINAMARCA;23
4/08/19;CUNDINAMARCA;25
4/08/19;CUNDINAMARCA;37
4/08/19;CUNDINAMARCA;26
4/08/19;CUNDINAMARCA;28
4/08/19;HUILA;24
4/08/19;NORTE DE SANTANDER;24
4/08/19;NORTE DE SANTANDER;29
4/08/19;PUTUMAYO;16
4/08/19;PUTUMAYO;29
4/08/19;PUTUMAYO;28
4/08/19;SANTANDER;50
4/08/19;SUCRE;28
4/08/19;TOLIMA;27
4/08/19;VALLE;17
4/08/19;VALLE;34
4/08/19;VALLE;27
4/08/19;VALLE;43
4/08/19;VALLE;17
4/08/19;VALLE;58
4/08/19;VALLE;27
4/08/19;VALLE;17
4/08/19;VALLE;40
4/08/19;VALLE;46
4/08/19;VALLE;19
5/08/19;ANTIOQUIA;30
5/08/19;ANTIOQUIA;19
5/08/19;ANTIOQUIA;65
5/08/19;ATLÁNTICO;31
5/08/19;ATLÁNTICO;36
5/08/19;ATLÁNTICO;45
5/08/19;CHOCÓ;27
5/08/19;CUNDINAMARCA;29
5/08/19;META;14
5/08/19;META;20
5/08/19;NARIÑO;27
5/08/19;NARIÑO;31
5/08/19;NARIÑO;23
5/08/19;NORTE DE SANTANDER;33
5/08/19;NORTE DE SANTANDER;33
5/08/19;QUINDÍO;54
5/08/19;TOLIMA;20
5/08/19;VALLE;43
5/08/19;VALLE;33
5/08/19;VALLE;39
5/08/19;VALLE;61
5/08/19;VALLE;20
5/08/19;VALLE;33
5/08/19;VALLE;40
5/08/19;VALLE;43
5/08/19;VALLE;23
5/08/19;VALLE;46
5/08/19;VALLE;17
5/08/19;VALLE;43
5/08/19;VALLE;55
5/08/19;VALLE;43
5/08/19;VALLE;42
5/08/19;VALLE;43
5/08/19;VALLE;44
5/08/19;VICHADA;40
5/08/19;VICHADA;54
6/08/19;ANTIOQUIA;31
6/08/19;ANTIOQUIA;55
6/08/19;ANTIOQUIA;37
6/08/19;ANTIOQUIA;54
6/08/19;ANTIOQUIA;53
6/08/19;ATLÁNTICO;31
6/08/19;BOLÍVAR;39
6/08/19;CESAR;35
6/08/19;CHOCÓ;54
6/08/19;CUNDINAMARCA;29
6/08/19;CUNDINAMARCA;40
6/08/19;CUNDINAMARCA;24
6/08/19;GUAJIRA;28
6/08/19;HUILA;21
6/08/19;META;20
6/08/19;META;27
6/08/19;NARIÑO;20
6/08/19;NARIÑO;17
6/08/19;NARIÑO;34
6/08/19;NORTE DE SANTANDER;20
6/08/19;NORTE DE SANTANDER;27
6/08/19;NORTE DE SANTANDER;24
6/08/19;NORTE DE SANTANDER;34
6/08/19;NORTE DE SANTANDER;37
6/08/19;RISARALDA;42
6/08/19;VALLE;20
6/08/19;VALLE;20
6/08/19;VALLE;22
6/08/19;VALLE;39
6/08/19;VALLE;27
6/08/19;VALLE;40
6/08/19;VALLE;33
7/08/19;ANTIOQUIA;35
7/08/19;ANTIOQUIA;33
7/08/19;ANTIOQUIA;38
7/08/19;ANTIOQUIA;25
7/08/19;ANTIOQUIA;19
7/08/19;ATLÁNTICO;19
7/08/19;ATLÁNTICO;23
7/08/19;BOLÍVAR;37
7/08/19;BOLÍVAR;21
7/08/19;CALDAS;26
7/08/19;CALDAS;21
7/08/19;CAUCA;25
7/08/19;CAUCA;24
7/08/19;CUNDINAMARCA;23
7/08/19;CUNDINAMARCA;25
7/08/19;CUNDINAMARCA;25
7/08/19;CUNDINAMARCA;24
7/08/19;GUAJIRA;21
7/08/19;NARIÑO;26
7/08/19;NARIÑO;27
7/08/19;NARIÑO;31
7/08/19;NARIÑO;17
7/08/19;NORTE DE SANTANDER;48
7/08/19;SAN ANDRÉS;26
7/08/19;SAN ANDRÉS;22
7/08/19;SUCRE;25
7/08/19;SUCRE;39
7/08/19;TOLIMA;72
7/08/19;VALLE;48
7/08/19;VALLE;28
7/08/19;VALLE;25
7/08/19;VALLE;28
7/08/19;VALLE;16
7/08/19;VALLE;19
7/08/19;VALLE;18
7/08/19;VALLE;28
7/08/19;VALLE;35
7/08/19;VALLE;30
7/08/19;VALLE;52
7/08/19;VALLE;21
8/08/19;ANTIOQUIA;16
8/08/19;ANTIOQUIA;43
8/08/19;ANTIOQUIA;34
8/08/19;ANTIOQUIA;16
8/08/19;ANTIOQUIA;25
8/08/19;ANTIOQUIA;39
8/08/19;ANTIOQUIA;50
8/08/19;ANTIOQUIA;30
8/08/19;ANTIOQUIA;54
8/08/19;ANTIOQUIA;19
8/08/19;ATLÁNTICO;19
8/08/19;BOLÍVAR;63
8/08/19;CASANARE;29
8/08/19;CAUCA;34
8/08/19;CAUCA;39
8/08/19;CAUCA;48
8/08/19;CAUCA;22
8/08/19;CAUCA;22
8/08/19;CÓRDOBA;60
8/08/19;CUNDINAMARCA;43
8/08/19;CUNDINAMARCA;25
8/08/19;QUINDÍO;30
8/08/19;TOLIMA;17
8/08/19;VALLE;50
8/08/19;VALLE;26
8/08/19;VALLE;18
9/08/19;ANTIOQUIA;26
9/08/19;ANTIOQUIA;28
9/08/19;ANTIOQUIA;23
9/08/19;ANTIOQUIA;28
9/08/19;ANTIOQUIA;18
9/08/19;ANTIOQUIA;23
9/08/19;ANTIOQUIA;36
9/08/19;ARAUCA;37
9/08/19;BOLÍVAR;40
9/08/19;CAUCA;22
9/08/19;CAUCA;33
9/08/19;CAUCA;23
9/08/19;CÓRDOBA;54
9/08/19;CÓRDOBA;24
9/08/19;CUNDINAMARCA;38
9/08/19;CUNDINAMARCA;60
9/08/19;CUNDINAMARCA;39
9/08/19;HUILA;74
9/08/19;HUILA;34
9/08/19;META;21
9/08/19;NARIÑO;38
9/08/19;NORTE DE SANTANDER;33
9/08/19;QUINDÍO;24
9/08/19;QUINDÍO;44
9/08/19;QUINDÍO;27
9/08/19;RISARALDA;23
9/08/19;TOLIMA;18
9/08/19;VALLE;26
9/08/19;VALLE;35
9/08/19;VALLE;40
9/08/19;VALLE;22
9/08/19;VALLE;36
9/08/19;VALLE;54
9/08/19;VALLE;54
10/08/19;ANTIOQUIA;56
10/08/19;ANTIOQUIA;37
10/08/19;ANTIOQUIA;41
10/08/19;ANTIOQUIA;30
10/08/19;ANTIOQUIA;24
10/08/19;ANTIOQUIA;40
10/08/19;ATLÁNTICO;25
10/08/19;BOLÍVAR;47
10/08/19;CAUCA;29
10/08/19;CAUCA;49
10/08/19;CESAR;21
10/08/19;CHOCÓ;29
10/08/19;CUNDINAMARCA;25
10/08/19;CUNDINAMARCA;33
10/08/19;CUNDINAMARCA;21
10/08/19;CUNDINAMARCA;22
10/08/19;CUNDINAMARCA;29
10/08/19;CUNDINAMARCA;20
10/08/19;GUAJIRA;59
10/08/19;GUAJIRA;32
10/08/19;MAGDALENA;40
10/08/19;META;21
10/08/19;META;20
10/08/19;NARIÑO;36
10/08/19;NORTE DE SANTANDER;18
10/08/19;NORTE DE SANTANDER;23
10/08/19;NORTE DE SANTANDER;41
10/08/19;NORTE DE SANTANDER;41
10/08/19;QUINDÍO;33
10/08/19;QUINDÍO;38
10/08/19;SANTANDER;29
10/08/19;TOLIMA;55
10/08/19;TOLIMA;35
10/08/19;TOLIMA;29
10/08/19;VALLE;18
10/08/19;VALLE;20
10/08/19;VALLE;28
10/08/19;VALLE;39
11/08/19;ANTIOQUIA;35
11/08/19;ANTIOQUIA;19
11/08/19;ANTIOQUIA;24
11/08/19;ANTIOQUIA;33
11/08/19;ANTIOQUIA;24
11/08/19;ANTIOQUIA;26
11/08/19;ANTIOQUIA;30
11/08/19;ANTIOQUIA;27
11/08/19;ANTIOQUIA;18
11/08/19;ANTIOQUIA;74
11/08/19;ANTIOQUIA;17
11/08/19;ANTIOQUIA;38
11/08/19;ANTIOQUIA;57
11/08/19;ATLÁNTICO;31
11/08/19;ATLÁNTICO;38
11/08/19;ATLÁNTICO;26
11/08/19;BOLÍVAR;29
11/08/19;CALDAS;33
11/08/19;CAUCA;21
11/08/19;CAUCA;24
11/08/19;CAUCA;31
11/08/19;CAUCA;18
11/08/19;CAUCA;30
11/08/19;CAUCA;29
11/08/19;CAUCA;20
11/08/19;CÓRDOBA;19
11/08/19;CUNDINAMARCA;42
11/08/19;CUNDINAMARCA;37
11/08/19;CUNDINAMARCA;35
11/08/19;CUNDINAMARCA;60
11/08/19;CUNDINAMARCA;55
11/08/19;CUNDINAMARCA;23
11/08/19;CUNDINAMARCA;18
11/08/19;CUNDINAMARCA;41
11/08/19;CUNDINAMARCA;28
11/08/19;GUAJIRA;35
11/08/19;MAGDALENA;30
11/08/19;META;20
11/08/19;META;16
11/08/19;META;34
11/08/19;NARIÑO;38
11/08/19;QUINDÍO;33
11/08/19;SANTANDER;31
11/08/19;SANTANDER;40
11/08/19;TOLIMA;31
11/08/19;VALLE;22
11/08/19;VALLE;24
11/08/19;VALLE;31
11/08/19;VALLE;20
11/08/19;VALLE;18
11/08/19;VALLE;20
11/08/19;VALLE;17
11/08/19;VALLE;27
11/08/19;VALLE;34
11/08/19;VALLE;31
11/08/19;VALLE;25
11/08/19;VALLE;25
11/08/19;VALLE;16
11/08/19;VALLE;33
11/08/19;VALLE;28
11/08/19;VALLE;30
11/08/19;VALLE;28
12/08/19;ANTIOQUIA;26
12/08/19;ANTIOQUIA;75
12/08/19;ANTIOQUIA;34
12/08/19;ANTIOQUIA;33
12/08/19;ANTIOQUIA;42
12/08/19;ANTIOQUIA;41
12/08/19;ANTIOQUIA;44
12/08/19;ANTIOQUIA;49
12/08/19;ANTIOQUIA;31
12/08/19;ANTIOQUIA;42
12/08/19;BOLÍVAR;54
12/08/19;BOLÍVAR;24
12/08/19;CAUCA;49
12/08/19;CAUCA;22
12/08/19;CHOCÓ;33
12/08/19;CHOCÓ;52
12/08/19;CÓRDOBA;46
12/08/19;CÓRDOBA;20
12/08/19;CÓRDOBA;24
12/08/19;CÓRDOBA;45
12/08/19;CUNDINAMARCA;17
12/08/19;CUNDINAMARCA;35
12/08/19;CUNDINAMARCA;24
12/08/19;CUNDINAMARCA;46
12/08/19;CUNDINAMARCA;38
12/08/19;CUNDINAMARCA;66
12/08/19;GUAJIRA;41
12/08/19;HUILA;60
12/08/19;HUILA;20
12/08/19;HUILA;22
12/08/19;HUILA;42
12/08/19;META;29
12/08/19;NARIÑO;26
12/08/19;NARIÑO;41
12/08/19;NORTE DE SANTANDER;50
12/08/19;PUTUMAYO;47
12/08/19;QUINDÍO;44
12/08/19;SANTANDER;29
12/08/19;VALLE;24
12/08/19;VALLE;17
12/08/19;VALLE;40